Country Name,1961,1962,1963,1964,1965,1966,1967,1968,1969,1970,1971,1972,1973,1974,1975,1976,1977,1978,1979,1980,1981,1982,1983,1984,1985,1986,1987,1988,1989,1990,1991,1992,1993,1994,1995,1996,1997,1998,1999,2000,2001,2002,2003,2004,2005,2006,2007,2008,2009,2010,2011,2012,2013,2014,2015,2016,2017,2018,2019,2020,2021,2022
world,3.79008,5.31485,5.18448,6.55781,5.54906,5.71257,4.15278,5.94186,5.81559,3.96037,4.27665,5.61604,6.4069,1.797,0.63546,5.30431,4.09997,4.13667,4.17611,1.8686,1.952,0.30338,2.62459,4.7097,3.72073,3.39528,3.74768,4.63338,3.70637,2.79913,1.36983,2.0404,1.84828,3.33476,3.0814,3.54792,3.89443,2.82018,3.55303,4.51554,2.00978,2.30482,3.11129,4.47156,4.00489,4.42172,4.3815,2.07026,-1.34165,4.54033,3.32009,2.71019,2.80925,3.07353,3.08294,2.80863,3.38987,3.28805,2.59455,-3.07223,6.02381,3.08032
asia,,,,,,,,,,,,,,,,,,,,,,,,,,,,,,,,,,,,,,,,,,,,,,,,,,,,,,,,,,,,,,
South Korea,6.9,3.9,9,9.5,7.3,12,9.1,13.2,14.6,10.1,10.5,7.2,14.9,9.5,7.8,13.2,12.3,11,8.7,-1.6,7.2,8.3,13.4,10.6,7.8,11.3,12.7,12,7.1,9.9,10.8,6.2,6.9,9.3,9.6,7.9,6.2,-5.1,11.5,9.1,4.9,7.7,3.1,5.2,4.3,5.3,5.8,3,0.8,6.8,3.7,2.4,3.2,3.2,2.8,2.9,3.2,2.9,2.2,-0.7,4.3,2.6
Afghanistan,-,-,-,-,-,-,-,-,-,-,-,-,-,-,-,-,-,-,-,-,-,-,-,-,-,-,-,-,-,-,-,-,-,-,-,-,-,-,-,-,-,-,8.83228,1.41412,11.22971,5.3574,13.82632,3.92498,21.39053,14.36244,0.42635,12.75229,5.60074,2.72454,1.45131,2.26031,2.647,1.18923,3.9116,-2.3511,-20.7,-
Armenia,-,-,-,-,-,-,-,-,-,-,-,-,-,-,-,-,-,-,-,-,-,-,-,-,-,-,-,-,-,-,-11.7,-41.8,-8.8,5.4,6.9,5.8654,3.32108,7.3,3.3,5.9,9.6,13.2,14,10.5,13.9,13.2,13.7,6.9,-14.1,2.2,4.7,7.2,3.3,3.6,3.2,0.2,7.5,5.2,7.6,-7.2,5.7,12.6
Azerbaijan,-,-,-,-,-,-,-,-,-,-,-,-,-,-,-,-,-,-,-,-,-,-,-,-,-,-,-,-,-,-,-0.7,-22.6,-23.1,-19.7,-11.8,1.3,5.8,10,7.4,11.1,9.9,9.43892,10.2083,9.2538,27.96154,34.5,25,10.75898,9.29636,5.04894,0.1,2.16524,5.8098,2.75051,1.09398,-3.1,0.2,1.5,2.5,-4.3,5.61645,4.61652
Bahrain,-,-,-,-,-,-,-,-,-,-,-,-,-,-,-,-,-,-,-,-,-5.3167,-7.55622,6.37638,5.00365,-4.75827,1.18299,10.39901,6.99999,0.36401,4.438,11.23,6.69,12.87001,-0.25,3.92999,4.11001,3.093,4.79,4.3,5.30007,2.49095,3.34855,6.29644,6.98096,6.769,6.467,8.29396,6.24501,2.53989,4.3343,1.98352,3.72811,5.41684,4.35039,2.48538,3.55813,4.29095,2.11113,2.16696,-4.64464,2.66971,4.86086
Bangladesh,6.05816,5.45303,-0.45589,10.95279,1.60626,2.56681,-1.87586,9.48945,1.22086,5.61985,-5.47948,-13.97373,3.32568,9.59196,-4.08821,5.66136,2.67306,7.07384,4.80163,0.81914,7.23394,2.13433,3.88105,4.80331,3.34201,4.17338,3.7724,2.41626,2.83658,5.62226,3.48523,5.44269,4.71156,3.89013,5.12128,4.52292,4.4899,5.17703,4.67016,5.29329,5.07729,3.83312,4.73957,5.23953,6.53594,6.6719,7.0586,6.01379,5.04512,5.57179,6.46438,6.52146,6.01361,6.06106,6.55264,7.11348,6.59025,7.31941,7.88191,3.44803,6.93868,7.09983
Bhutan,-,-,-,-,-,-,-,-,-,-,-,-,-,-,-,-,-,-,-,-,15.12229,3.43977,10.43102,4.55666,4.02853,11.3922,29.05432,4.76737,7.35557,10.38312,-0.40788,4.60089,1.98637,4.9515,7.07412,5.56517,5.37384,5.91403,7.98397,3.35507,8.34895,10.99228,7.8233,6.00874,7.28725,6.99974,18.36085,4.79946,6.74833,11.9459,7.98262,5.1184,2.11997,5.7765,6.64223,8.12703,4.65183,3.05513,5.75517,-10.0097,4.08762,-
Brunei,-,-,-,-,-,-,-,-,-,-,-,-,-,-,0.35546,20.15539,10.9167,6.77583,22.56243,-6.9967,-19.82672,3.95665,0.50147,0.59988,-1.49075,-2.71547,2.00913,1.09737,-1.07418,1.08942,3.14594,4.75858,0.30457,3.1454,4.47871,2.87832,-1.47117,-0.55851,3.05216,2.84942,2.74404,3.8721,2.90396,0.50432,0.38751,4.39772,0.15458,-1.93971,-1.76454,2.59897,3.74532,0.91284,-2.12603,-2.50835,-0.39238,-2.47792,1.3286,0.05224,3.86911,1.13357,-1.59076,-1.62833
Cambodia,-,-,-,-,-,-,-,-,-,-,-,-,-,-,-,-,-,-,-,-,-,-,-,-,-,-,-,-,-,-,-,-,-,-34.80864,9.90347,5.89751,4.00662,4.68163,12.70538,9.99358,8.14839,6.57894,8.5059,10.34053,13.25009,10.77108,10.21257,6.69158,0.0867,5.96308,7.06957,7.31335,7.35667,7.14257,6.9658,6.93331,6.9969,7.46917,7.05411,-3.09601,3.02639,5.16246
China,-27.27,-5.58,10.3,18.18,16.95,10.65,-5.77,-4.1,16.94,19.3,7.06,3.81,7.76,2.31,8.72,-1.57,7.57,11.32598,7.59132,7.83415,5.11276,9.01711,10.7702,15.19154,13.43068,8.94996,11.65743,11.22259,4.20633,3.92025,9.26279,14.22453,13.88373,13.03681,10.95395,9.92256,9.23678,7.84595,7.66165,8.49009,8.33573,9.13363,10.03803,10.11362,11.39459,12.72096,14.23086,9.65068,9.39873,10.63587,9.55083,7.86374,7.76615,7.42576,7.04133,6.84876,6.9472,6.74977,5.9505,2.23864,8.44748,2.9908
Cyprus,-,-,-,-,-,-,-,-,-,-,-,-,-,-,-,20.26629,16.362,7.7774,9.90557,5.75324,2.517,6.02171,5.58218,8.75789,4.88254,3.70395,7.06525,8.64678,7.94743,7.404,0.7395,9.4,0.7,5.9,8.36247,1.24858,2.64089,6.11085,4.99796,5.96531,3.95256,3.72296,2.62329,5.02634,4.853,4.71383,5.09807,3.64681,-2.01526,2.28354,0.41671,-3.44738,-6.58748,-1.77606,3.41892,6.57358,5.73348,5.64786,5.52943,-4.37247,6.63893,5.63215
Georgia,-,-,-,-,-,7.53563,6.25,4.45633,4.77815,12.05212,2.47094,2.83687,6.48276,8.80829,7.38095,6.09756,6.89655,7.42913,7.37035,4.57627,5.26742,2.00154,4.30189,5.42692,4.94166,-8.17528,1.28204,5.55556,-7.1952,-14.78823,-21.1,-44.9,-29.3,-10.39999,2.6,11.2,10.51904,3.1049,2.86926,1.83834,4.80545,5.47384,11.05872,5.7945,9.58957,9.41977,12.57895,2.41857,-3.65051,6.24949,7.4,6.36901,3.62131,4.43192,3.02221,2.90644,4.8426,4.84292,4.98235,-6.76044,10.46554,10.10872
Hong Kong,-,14.29122,15.76346,8.62817,14.64219,1.7948,1.60327,3.39738,11.34375,9.20687,7.29304,10.61185,12.27954,2.4152,0.49188,16.16433,11.72566,8.26088,11.55658,10.10814,9.26078,2.94987,5.97703,9.97379,0.75716,11.05616,13.39853,8.51159,2.27697,3.83054,5.70195,6.2349,6.20122,6.03615,2.37375,4.25851,5.09977,-5.88258,2.50664,7.66347,0.5608,1.6567,3.05629,8.70006,7.38815,7.03263,6.46484,2.12785,-2.45906,6.76769,4.81473,1.70032,3.10155,2.76238,2.38785,2.17542,3.7961,2.84692,-1.67243,-6.5448,6.44172,-3.47633
India,3.72274,2.93113,5.99435,7.45295,-2.63577,-0.05533,7.82596,3.38793,6.5397,5.15723,1.64293,-0.5533,3.29552,1.18534,9.14991,1.6631,7.25476,5.71253,-5.23818,6.73582,6.0062,3.47573,7.28889,3.82074,5.2543,4.77656,3.96536,9.62778,5.94734,5.53345,1.05683,5.4824,4.75078,6.65892,7.57449,7.54952,4.04982,6.18442,8.84576,3.84099,4.82397,3.80398,7.86038,7.92294,7.92343,8.06073,7.66082,3.0867,7.86189,8.49758,5.24132,5.45639,6.38611,7.41023,7.99625,8.25631,6.79538,6.45385,3.87144,-5.83105,9.05028,7.00295
Indonesia,5.74065,1.84198,-2.23703,3.5297,1.08159,2.79135,1.3804,10.91518,6.8223,7.55463,7.024,7.03764,8.10398,7.23424,5.60748,7.07965,8.26446,6.87023,7.14286,10,7.87879,2.24719,4.3956,6.84211,2.46305,5.76923,5,5.62771,7.78689,7.22433,6.77582,6.49751,6.49641,7.53997,8.22001,7.81819,4.69988,-13.12673,0.79113,4.92007,3.64347,4.49948,4.78037,5.03087,5.69257,5.50095,6.34502,6.0137,4.62887,6.22385,6.16978,6.03005,5.55726,5.00667,4.87632,5.03307,5.06979,5.17429,5.01929,-2.06551,3.70306,5.3086
Iran,10.39092,7.90927,7.04208,8.47523,17.03571,11.50241,11.2528,14.40418,15.51666,10.9276,13.70158,14.49902,7.44168,5.80105,-0.32622,18.26044,-2.77358,-12.84086,-12.02076,-21.59965,-5.69679,23.17125,11.08672,-7.13985,1.86765,-9.78491,-0.17211,-6.082,6.13212,13.59493,12.71615,3.29798,-1.47101,-1.69829,2.40104,6.35053,1.3504,2.08001,2.0027,5.84553,2.39217,8.07883,8.6393,4.33667,3.1898,4.9998,8.15577,0.25086,1.00739,5.79794,2.64572,-3.74717,-1.52198,4.98478,-1.42488,8.81509,2.75851,-2.25386,-2.65821,3.33029,4.71978,2.74917
Iraq,-,-,-,-,-,-,-,-,3.24419,4.54436,5.37455,3.7353,4.41876,16.11337,12.49066,17.1751,1.89996,17.05696,20.86926,24.75373,-0.72873,3.43398,-13.07331,-1.48524,1.4539,4.64759,9.30528,-0.01904,-3.11854,57.81783,-64.04711,32.59221,30.28983,3.85453,2.12002,11.02079,21.23794,34.8571,17.58227,16.92167,1.76148,-8.19847,-36.65815,53.38179,1.67189,5.6463,1.88557,8.22811,3.3793,6.40256,7.54647,13.93643,7.62857,0.19702,4.72286,13.78737,-1.81975,2.63385,5.51379,-12.03679,1.58339,7.00875
Israel,11.20389,10.15612,10.69571,7.93719,9.09397,-0.07964,2.99502,16.24196,13.5657,-,-,-,-,-,-,-,-,-,-,-,-,-,-,-,-,-,-,-,-,-,-,-,-,-,-,5.92829,3.79045,4.11556,3.33049,8.67166,0.33407,-0.11422,1.39391,4.78447,4.13408,5.58267,6.03321,3.25116,0.88312,5.66852,5.56114,2.58765,4.4155,3.91913,2.48583,4.52168,4.2766,4.07032,4.15614,-1.85729,8.61199,6.46467
Japan,12.04354,8.90897,8.47364,11.67671,5.81971,10.63856,11.08214,12.88247,12.47789,2.45496,4.69899,8.41355,8.0326,-1.22524,3.09158,3.97498,4.39034,5.27194,5.48404,2.81759,4.26062,3.27974,3.6302,4.41088,5.15981,3.29405,4.64886,6.66164,4.92579,4.84093,3.52336,0.90059,-0.45922,1.08338,2.631,3.13387,0.98123,-1.27033,-0.33393,2.76465,0.3861,0.04196,1.53513,2.18612,1.8039,1.37235,1.48397,-1.22429,-5.69324,4.09792,0.02381,1.37475,2.0051,0.29621,1.56063,0.75383,1.67533,0.64339,-0.40217,-4.2786,2.14249,1.02862
Jordan,-,-,-,-,-,-,-,-,-,-,-,-,-,-,-,-,8.29841,14.67957,20.80291,11.18485,17.17872,7.02594,-2.21974,4.29169,-2.70695,5.50463,2.32327,1.46217,-10.72922,-0.2759,1.60853,14.34978,4.48699,4.97148,6.20087,2.08702,3.30848,3.01217,3.38953,4.24571,5.26996,5.78381,4.16167,8.56721,8.14659,8.09298,8.17617,7.22039,5.02371,2.31483,2.73718,2.42936,2.60995,3.38408,2.49653,1.99418,2.4736,1.91907,1.75124,-1.60664,2.223,2.5038
Kazakhstan,-,-,-,-,-,-,-,-,-,-,-,-,-,-,-,-,-,-,-,-,-,-,-,-,-,-,-,-,-,-,-11,-5.3,-9.2,-12.6,-8.2,0.5,1.7,-1.9,2.7,9.8,13.5,9.8,9.3,9.6,9.7,10.7,8.9,3.3,1.2,7.3,7.4,4.8,6,4.2,1.2,1.1,4.1,4.1,4.5,-2.5,4.3,3.2
Kuwait,-,-,-,-,-,-,-,-,-,-,-,-,-,-,-,-,-,-,-,-,-,-,-,-,-,-,-,-,-,-,-,-,33.99047,8.43617,4.85829,0.60513,2.47333,3.66205,-1.78901,4.69458,0.21333,3.01428,17.32602,10.2403,10.60904,7.51477,5.99158,2.47976,-7.07606,-2.37026,9.62841,6.62582,1.1493,0.50088,0.59302,2.92587,-4.71211,2.43398,-0.55196,-8.85528,1.30806,8.17776
Kyrgyzstan,-,-,-,-,-,-,-,-,-,-,-,-,-,-,-,-,-,-,-,-,-,-,-,-,-,-,3.29997,13.20003,2.78975,5.7028,-7.94393,-13.83784,-15.45933,-20.08516,-5.42382,7.0845,9.91525,2.12184,3.65579,5.44334,5.32162,-0.01732,7.03029,7.02681,-0.17552,3.1029,8.54287,8.40162,2.88629,-0.47157,5.95627,-0.08815,10.91547,4.02404,3.87583,4.33586,4.73994,3.75791,4.60063,-8.39836,6.16764,7.02221
Laos,-,-,-,-,-,-,-,-,-,-,-,-,-,-,-,-,-,-,-,-,-,-,-,-,5.06996,4.88513,-1.42579,-2.0102,14.19064,6.70458,4.29656,5.55986,5.91256,8.15902,7.03125,6.92832,6.87209,3.96761,7.30638,5.79878,5.75141,5.91874,6.067,6.3577,7.10757,8.61927,7.59683,7.8249,7.50177,8.52691,8.03865,8.0261,8.0263,7.61196,7.27007,7.02284,6.89253,6.24796,5.45774,0.50303,2.52835,2.70743
Lebanon,-,-,-,-,-,-,-,-,-,-,-,-,-,-,-,-,-,-,-,-,-,-,-,-,-,-,-,-,-42.45112,26.53316,49.44738,16.43835,10.76567,8.10524,6.44886,11.28594,1.05497,3.66572,-0.52558,1.34187,3.83967,3.42315,3.2271,6.67944,2.68578,1.54952,9.31062,9.06913,10.23216,7.97514,0.86734,2.56479,3.82787,2.48406,0.46232,1.55455,0.90303,-1.88471,-6.91492,-21.3999,-7.00124,-
Macau,-,-,-,-,-,-,-,-,-,-,-,-,-,-,-,-,-,-,-,-,-,-,10.02372,8.45848,0.73258,6.69526,14.29248,7.81173,5.02437,7.97964,3.65943,13.29908,5.18596,4.25302,3.29656,-0.41927,-0.27986,-4.57067,-2.35879,5.74668,2.88859,8.91081,11.64055,26.63085,8.07544,13.39039,14.47639,3.39158,1.27432,25.12276,21.61653,9.24225,10.75285,-2.04838,-21.51441,-0.67906,9.98331,6.46467,-2.51194,-54.2359,19.26706,-26.76142
Malaysia,7.59799,6.42103,7.3388,5.35896,7.68486,7.81671,3.85715,7.97799,4.88853,5.98654,10.03466,9.38844,11.70108,8.31866,0.80107,11.56349,7.75306,6.65389,9.3491,7.44183,6.9421,5.94315,6.25223,7.76179,-1.02525,1.24059,5.19193,9.93772,9.0596,9.00853,9.54547,8.88512,9.89494,9.21204,9.82909,10.0027,7.32274,-7.35942,6.13761,8.85887,0.51768,5.39099,5.7885,6.78344,5.33214,5.58485,6.29879,4.83177,-1.51353,7.42485,5.29391,5.47345,4.69372,6.00672,5.09153,4.44978,5.81272,4.84309,4.41319,-5.53444,3.09216,8.69434
Maldives,-,-,-,-,-,-,-,-,-,-,-,-,-,-,-,-,-,-,-,-,-,-,-,-,-,-,-,-,-,-,-,-,-,-,-,7.85865,8.39794,7.49468,6.17566,3.84581,-3.94363,7.26839,13.75005,6.03375,-13.12905,26.11149,7.71387,9.48533,-7.22884,7.26513,8.56673,2.51738,7.28107,7.32963,2.88455,6.3383,7.20991,8.12313,7.09747,-33.4928,41.7451,12.29949
Mongolia,-,-,-,-,-,-,-,-,-,-,-,-,-,-,-,-,-,-,-,-,-,8.34214,5.83404,5.93342,5.71287,9.37499,3.45865,5.10797,4.1782,-3.18446,-8.69354,-9.25647,-3.16879,2.13438,6.37643,2.23509,3.89671,3.33994,3.07037,1.14606,2.95271,4.73298,7.00463,10.62541,7.25367,8.55623,10.24802,8.90037,-1.2686,6.36516,17.29078,12.31982,11.64892,7.88523,2.37984,1.48978,5.63688,7.74488,5.60224,-4.55775,1.63677,4.84591
Myanmar,-,2.28347,8.81082,3.12561,2.14749,2.526,-5.37517,2.7925,7.42624,4.1492,4.54433,3.26576,0.71338,2.17178,4.73207,5.13616,6.01445,6.24322,5.83877,6.6046,7.11693,5.96824,4.98096,4.66773,3.86681,0.86936,-2.52366,-7.60396,-4.28134,3.24815,1.05908,4.48834,7.76674,6.77977,7.20346,6.6869,6.0348,5.76185,8.47803,12.41819,12.46773,11.70305,12.98632,13.69529,13.56694,13.30687,12.50049,11.07427,10.40984,10.06929,7.52006,6.48575,7.89867,8.19966,3.27728,10.50778,5.75006,6.40498,6.75046,3.17377,-17.91294,3.00268
Nepal,1.90827,1.91032,1.89511,7.53245,-1.20319,7.04064,-1.5715,0.67548,4.46342,2.57599,-1.19538,3.1178,-0.47654,6.33359,1.45647,4.39854,3.01697,4.40574,2.36888,-2.31939,8.34197,3.77937,-2.97741,9.68113,6.14491,4.56565,1.69562,7.69681,4.32965,4.63504,6.36815,4.10641,3.84985,8.216,3.46845,5.32828,5.04861,3.01639,4.41257,6.2,4.79989,0.12014,3.94504,4.6826,3.47918,3.36461,3.41156,6.10464,4.53308,4.81641,3.42181,4.67014,3.52515,6.01148,3.97605,0.43311,8.97728,7.62238,6.65706,-2.36962,4.83815,5.61319
Oman,-,-,-,-,-,5.20446,66.21908,81.8878,25.66617,13.8951,0.89823,9.82522,-14.25206,11.49881,24.4335,20.54012,1.00722,-3.69353,4.33174,6.03544,17.04708,11.56984,16.66667,16.71159,14.0072,2.00216,-3.44078,5.96403,11.75686,-0.13043,6.07408,8.41388,6.04296,3.87577,4.99682,3.04594,6.03351,2.64234,0.3315,6.55107,4.4828,-1.10091,-2.66859,1.29221,2.49022,5.37189,4.45268,8.20008,6.1124,1.71399,2.89461,8.86312,5.2277,1.29225,5.01706,5.04642,0.30406,1.2871,-1.12871,-3.37971,3.09228,4.31125
Pakistan,5.98735,4.48286,8.68883,7.56976,10.41937,5.78995,5.40061,7.23322,5.5079,11.35346,0.46837,0.81341,7.06426,3.54019,4.21142,5.15619,3.9477,8.04853,3.75844,10.2157,7.92076,6.53749,6.77838,5.06521,7.59211,5.50165,6.45234,7.62528,4.95977,4.45859,5.06157,7.7059,1.75775,3.73742,4.96261,4.84658,1.0144,2.55023,3.66013,4.26009,3.55442,2.50834,5.77703,7.54686,6.51878,5.89898,4.83282,1.70141,2.83166,1.60669,2.74841,3.50703,4.39646,4.67471,4.73115,5.52674,4.43263,6.1517,2.49764,-1.27409,6.48709,6.18816
Philippines,5.69547,4.84629,7.01627,3.40249,5.34509,4.44116,5.22269,5.03816,4.68947,3.69249,5.38901,5.43039,8.78201,3.39461,5.4511,8.7784,5.56297,5.19238,5.59557,5.20071,3.42221,3.69841,1.89695,-7.03938,-6.85838,3.51068,4.36181,6.69693,6.18392,3.08267,-0.43639,0.41763,2.18189,4.37367,4.62523,5.86035,5.18641,-0.51409,3.34645,4.3825,3.04923,3.71626,5.08691,6.56923,4.94251,5.31642,6.51929,4.34449,1.44832,7.3345,3.85823,6.89695,6.75053,6.34799,6.34831,7.14946,6.93099,6.34149,6.11853,-9.51829,5.71473,7.57033
Qatar,-,-,-,-,-,-,-,-,-,-,-,-,-,-,-,-,-,-,-,-,-,-,-,-,-,-,-,-,-,-,-,-,-,-,-,-,-,-,-,-,3.89819,7.18215,3.71996,19.21892,7.49276,26.17025,17.98566,17.66356,11.95656,19.59233,13.37518,4.73001,5.55604,5.33432,4.75335,3.06419,-1.4976,1.23487,0.77481,-3.64045,1.591,4.82769
Saudi Arabia,-,-,-,-,-,-,-,-,6.03789,58.64733,20.51222,22.93064,24.17053,16.22807,-8.92861,17.82097,7.09336,-5.21973,11.91943,5.65246,1.943,-20.72989,-16.05139,-4.66145,-9.7945,17.01275,-6.6325,13.10931,-0.50302,15.19343,15.00788,3.98754,-1.36374,0.55872,0.21209,2.63742,1.10378,2.89336,-3.76329,5.62542,-1.21074,-2.81917,11.24206,7.95844,5.57385,2.7884,1.84713,6.24977,-2.05925,5.03949,10.99376,5.42739,2.85034,4.02765,4.69015,2.36307,-0.0697,2.76224,0.83228,-4.34139,3.92172,8.74415
Singapore,8.13753,7.55344,10.04017,-3.10317,7.83426,10.1801,12.50861,13.52699,13.83383,13.942,12.41344,13.31556,10.603,6.1174,3.98874,7.43717,6.85244,7.77718,9.55445,10.11337,10.81592,7.10214,8.55448,8.79229,-0.6227,1.34281,10.79793,11.26359,10.15883,9.8209,6.6884,6.63981,11.45965,11.09569,7.1754,7.47139,8.31621,-2.19102,5.71837,9.03832,-1.07086,3.92336,4.54826,9.93998,7.36632,9.00677,9.02152,1.86348,0.12795,14.51975,6.21493,4.4355,4.81763,3.93554,2.9768,3.60166,4.54473,3.57543,1.33126,-3.90105,8.88235,3.64697
Sri Lanka,-,3.81802,2.51675,3.90643,2.53695,5.02379,6.43902,5.80109,7.71682,3.84663,1.30691,-0.41048,7.0574,3.84583,6.12623,3.33511,5.10059,5.65384,6.40356,5.84603,5.69952,4.1415,4.81399,5.09915,4.99941,4.35555,1.72561,2.47269,2.2993,6.4,4.59999,4.39999,6.90006,5.59992,5.50009,3.79997,6.4054,4.69842,4.30054,6.00003,-1.54541,3.96468,5.94027,5.44506,6.24175,7.66829,6.79683,5.95009,3.53891,8.01597,8.66948,8.63218,4.05175,6.37798,4.20596,5.05362,6.46068,2.31008,-0.22048,-4.62452,3.51222,-7.82398
Syria,10.83306,24.5213,-8.65275,9.27136,2.29937,-7.65907,8.25768,3.72908,18.76792,-1.79685,8.95581,25.66072,-10.46985,25.79577,16.35158,12.25445,-1.79952,9.94259,0.88799,14.50812,7.75534,2.78909,2.32034,-7.61063,9.35081,-7.95293,1.68228,18.01114,-13.64728,3.73956,7.66647,12.97279,6.1509,7.21303,7.02659,9.82557,5.0238,6.7853,-3.55345,0.67564,1.04729,3.95483,7.20444,6.90296,6.21508,5.0462,5.67459,4.47667,5.91204,5.19191,2.85,-26.33902,-26.30009,-10.31034,-4.17979,-6.40559,-0.72328,1.39318,1.22071,-3.87368,-,-
Taiwan,7.05,8.93,10.74,12.63,11.89,9.63,11.15,9.71,9.59,11.51,13.43,13.87,12.83,2.67,6.19,14.28,11.41,13.56,8.83,8.04,7.1,4.81,9.02,10.05,4.81,11.51,12.75,8.02,8.72,5.54,8.37,8.31,6.81,7.5,6.5,6.18,6.05,4.2,6.73,6.31,-1.4,5.48,4.22,6.95,5.38,5.77,6.85,0.8,-1.61,10.25,3.67,2.22,2.48,4.72,1.47,2.17,3.31,2.79,3.06,3.39,6.53,2.35
Tajikistan,-,-,-,-,-,-,-,-,-,-,-,-,-,-,-,-,-,-,-,-,-,-,-,-,-,3.5,-1.2,13.9,-6.5,-0.6,-7.1,-29,-16.4,-21.3,-12.41632,-16.7,1.68067,5.31287,3.69955,8.32432,9.58084,10.8,11,10.3,6.7,7,7.8,7.9,3.9,6.5,7.4,7.5,7.4,6.7,6.0193,6.9,7.1,7.6,7.4,4.4,9.4,8
Thailand,5.36215,7.55425,7.99983,6.831,8.18166,11.12252,8.61598,8.12227,6.55066,11.40795,4.89537,4.27851,10.23643,4.46625,4.97041,9.32681,9.84346,10.29575,5.37177,5.17354,5.90687,5.35235,5.5842,5.75243,4.64724,5.53383,9.51895,13.28811,12.19051,11.16716,8.55826,8.08339,8.25192,7.99702,8.12032,5.65194,-2.75358,-7.63404,4.57231,4.45525,3.44425,6.14904,7.18924,6.28934,4.18764,4.96781,5.43515,1.7257,-0.69062,7.51339,0.84013,7.2428,2.6875,0.98447,3.13405,3.43516,4.17768,4.22287,2.11456,-6.06693,1.4921,2.59473
Turkey,1.15607,5.57143,9.06631,5.45906,2.82353,11.21282,4.73251,6.778,4.08115,3.23351,5.56669,7.42579,3.26233,5.59447,7.17411,10.46118,3.40667,1.50293,-0.62411,-2.44735,4.85665,3.56323,4.97108,6.71202,4.24134,7.01203,9.48554,2.32074,0.29024,9.26615,0.72028,5.03563,7.65127,-4.66815,7.87827,7.37966,7.57766,2.40415,-3.26317,6.93324,-5.75001,6.44772,5.76321,9.79594,8.9923,6.94799,5.04351,0.81502,-4.82315,8.4271,11.20011,4.78849,8.48582,4.93972,6.08449,3.32308,7.502,2.97989,0.78361,1.94003,11.3535,5.56586
Turkmenistan,-,-,-,-,-,-,-,-,-,-,-,-,-,-,-,-,-,-,-,-,-,-,-,-,-,-,-,11.02362,-4.25532,35.38456,-4.60526,-14.96599,1.5,-17.29986,-7.20004,6.69999,-11.4,7.1,16.5,5.46906,4.34385,0.25718,3.26883,5.00041,13.03403,10.97331,11.0593,14.7,6.1,9.2,14.7,11.1,10.2,10.3,6.5,6.2,6.5,6.2,6.3,-3.4,-,-
United Arab Emirates,-,-,-,-,-,-,-,-,-,-,-,-,-,-,-,16.52686,21.43933,-1.5896,20.92357,23.87477,4.65918,-6.71932,-4.74582,4.01695,-3.59448,-14.95814,3.38198,-2.61891,12.33789,18.32799,0.86008,3.34494,1.26119,6.89615,6.68789,5.7984,8.1904,0.29199,2.90221,10.8527,1.39909,2.43346,8.80054,9.56644,4.85514,9.83732,3.18439,3.19184,-5.24292,1.60285,6.92851,4.77663,5.05556,4.16569,6.78677,5.56149,0.73507,1.31391,1.10835,-4.95705,3.9163,7.4111
Uzbekistan,-,-,-,-,-,-,-,-,-,-,-,-,-,-,-,-,-,-,-,-,-,-,-,-,-,-,-,9.13858,3.09129,1.6,-0.492,-11.2,-2.3,-5.2,-0.9,1.7,5.2,4.3,4.3,3.835,4.16384,3.97349,4.23263,7.449,6.95001,7.45142,9.47301,9.02916,8.05093,7.59717,7.52514,7.10244,7.29655,6.87384,7.21877,5.93215,4.39527,5.87974,5.98156,1.99559,7.40337,5.66882
Vietnam,-,-,-,-,-,-,-,-,-,-,-,-,-,-,-,-,-,-,-,-,-,-,-,-,3.80586,2.78929,3.58347,5.13501,7.36451,5.10092,5.96084,8.64605,8.07273,8.83898,9.54048,9.34002,8.15208,5.76446,4.77359,6.78732,6.19289,6.32082,6.89906,7.53641,7.54725,6.97795,7.1295,5.66177,5.3979,6.42324,6.41318,5.50455,5.5535,6.42225,6.98717,6.69001,6.94019,7.46499,7.35928,2.86541,2.56155,8.0198
Yemen,-,-,-,-,-,-,-,-,-,-,-,-,-,-,-,-,-,-,-,-,-,-,-,-,-,-,-,-,-,-,6.29349,8.2076,4.00197,6.72195,5.66937,4.63497,5.23111,6.00669,3.77553,6.18192,3.80365,3.93523,3.7474,3.9727,5.59175,3.17041,3.33843,3.64757,3.86623,7.70231,-12.7149,2.39299,4.82352,-0.18869,-27.99455,-9.37512,-5.0718,0.75245,-,-,-,-
North America,,,,,,,,,,,,,,,,,,,,,,,,,,,,,,,,,,,,,,,,,,,,,,,,,,,,,,,,,,,,,,
Bermuda,4.68,4.47,1.07,11.11,4.76,14.36364,13.27504,2.10526,3.43643,6.31229,3.4375,1.81269,1.48368,0.87719,3.76812,8.93855,5.89744,1.45278,2.14797,7.94393,2.38095,-5.28541,2.00893,0.4814,-2.00348,6.66667,3.75,4.05622,0.44384,0.01921,-3.53438,-0.05974,3.00857,0.59961,4.39915,2.60048,4.6,3.9,3.38265,9.31716,7.22244,-1.47779,3.41071,2.32127,1.67421,5.54387,3.34514,-1.86596,-5.6267,-2.50288,-3.74274,-5.3053,-0.27971,-3.70107,0.77553,-0.65721,3.61142,-0.4328,0.30627,-6.83796,3.01382,2.92711
Canada,3.16329,7.42538,5.34955,6.64289,6.31671,6.70499,3.09121,4.99567,5.04546,-,-,-,-,-,-,-,-,-,-,-,-,-3.18726,2.60134,5.90846,4.7374,2.14497,4.07296,4.41011,2.31698,0.16467,-2.08609,0.90026,2.66086,4.49447,2.69398,1.61917,4.28004,3.89615,5.16291,5.17764,1.78997,3.01805,1.80152,3.08698,3.2042,2.6343,2.07183,1.00429,-2.92596,3.08992,3.1461,1.76096,2.32912,2.87004,0.65918,1.00139,3.03988,2.77704,1.88822,-5.07436,5.0118,3.3962
Greenland,-,-,-,-,-,-,-,-,-,-,13.06085,6.17727,6.80601,5.70625,0.64624,5.95921,8.82232,6.01672,4.8606,8.67601,0.66528,-4.41966,3.45722,-5.17962,3.65639,7.09732,5.51587,5.60361,6.65955,-11.71953,-0.11346,-5.1117,-5.02793,5.92437,3.72868,1.52964,1.46893,7.75798,1.37788,7.1016,1.26904,-0.97118,4.43005,6.90658,4.98749,5.55569,2.35244,6.16613,0.86595,1.73583,-0.49652,1.39419,-1.29828,4.74214,-2.52932,4.68195,0.05273,0.62307,2.83218,0.18761,1.29021,-
Mexico,5,4.66441,8.10689,11.90548,7.1,6.09614,5.85492,9.42328,3.41862,6.50248,3.76247,8.22881,7.86112,5.77683,5.74449,4.41744,3.39064,8.95694,9.69817,8.75662,9.48831,-0.00758,-4.36298,3.48671,1.87858,-3.70833,2.07035,1.27916,3.65495,5.20843,4.0376,3.50808,3.06902,4.94108,-6.29123,6.77326,6.84685,5.16393,2.75355,4.94245,-0.40439,-0.03984,1.44638,3.92059,2.30781,4.49508,2.29145,1.14358,-5.28574,5.11812,3.66301,3.64232,1.35409,2.84977,3.29315,2.63053,2.11313,2.19499,-0.19905,-7.98791,4.72057,3.06238
United States,2.3,6.1,4.4,5.8,6.4,6.5,2.5,4.8,3.1,-0.28349,3.29335,5.25891,5.64572,-0.54055,-0.20546,5.38814,4.62415,5.5353,3.16615,-0.25675,2.53772,-1.80289,4.58391,7.23663,4.16966,3.46265,3.45925,4.17706,3.67265,1.88596,-0.10826,3.52244,2.75178,4.02879,2.68422,3.77257,4.44717,4.48139,4.7945,4.07716,0.95434,1.69594,2.79621,3.85255,3.48322,2.78281,2.01051,0.12219,-2.59989,2.70886,1.54989,2.28069,1.84188,2.28778,2.70637,1.66747,2.24192,2.94538,2.29444,-2.7678,5.94548,2.06159
South America,,,,,,,,,,,,,,,,,,,,,,,,,,,,,,,,,,,,,,,,,,,,,,,,,,,,,,,,,,,,,,
Antigua and Barbuda,-,-,-,-,-,-,-,-,-,-,-,-,-,-,-,-,-,4.38363,8.07975,8.16143,3.81492,-0.08401,5.36402,10.165,7.64379,11.49383,6.62637,5.21327,5.25227,3.01171,2.17658,1.15848,5.27988,6.67671,-4.35959,6.60446,5.47161,4.73113,3.70762,6.20343,-4.548,1.02744,6.07654,5.76703,6.47383,12.70815,9.31538,-0.01434,-11.9627,-7.84059,-1.95861,3.37287,-0.60088,3.79573,3.82529,5.49646,3.14464,6.82376,4.34406,-17.50219,6.5549,8.45873
Argentina,5.42784,-0.85202,-5.3082,10.1303,10.56943,-0.65973,3.192,4.8225,9.67953,3.04564,5.65813,1.62842,2.81175,5.5338,-0.02841,-2.01825,6.93415,-4.50612,10.22276,1.51878,-5.18979,-0.73566,4.34909,1.57074,-5.18902,6.15338,2.70487,-1.08993,-7.15695,-2.46721,9.13311,7.93729,8.20698,5.8362,-2.84521,5.52669,8.11105,3.85018,-3.38546,-0.789,-4.40884,-10.89448,8.83704,9.02957,8.85166,8.04715,9.00765,4.05723,-5.91853,10.1254,6.00395,-1.02642,2.40532,-2.51262,2.73116,-2.08033,2.8185,-2.6174,-2.00086,-9.94324,10.39825,5.24304
Aruba,-,-,-,-,-,-,-,-,-,-,-,-,-,-,-,-,-,-,-,-,-,-,-,-,-,-,16.07843,18.64865,12.12984,3.9614,7.96287,5.88235,7.30769,8.2039,2.54714,1.18579,7.04687,1.99198,1.23804,7.61659,4.19596,-0.95777,1.12088,7.28103,-0.38493,1.13891,3.09672,1.83343,-11.68359,-2.7326,3.36678,-1.03538,6.42982,-0.02048,3.54363,2.11672,5.48237,5.25785,0.63503,-18.5891,17.17251,-
Bahamas,10.6671,10.45197,10.52406,10.50157,10.4256,9.07193,9.59811,8.42176,8.98166,-5.64965,1.62651,-3.49734,7.56757,-16.75423,-14.80313,5.18518,9.15493,14.17952,26.1393,6.49528,-9.22641,6.6989,3.59705,14.17115,4.82918,1.797,2.98452,2.30971,6.72733,-1.59625,-4.18178,-3.82558,0.30781,3.14892,4.37875,4.22353,6.87574,-4.5036,12.19752,4.14923,2.62516,2.70467,-1.26453,0.88274,3.39526,2.51685,1.44673,-2.32351,-4.17581,1.53839,0.61338,3.08688,-2.86329,1.8473,0.9968,-0.06701,2.41531,1.53324,-0.74398,-23.50818,16.98467,14.36896
Barbados,-,-,-,-,-,-,-,-,-,-,-,-,-,-,-1.9,4.36021,3.64221,4.87694,7.89301,4.37306,-1.89975,-4.90094,0.50125,3.60037,1.09824,5.10417,2.59097,3.50538,3.6,-3.30759,-3.89991,-5.69252,0.79307,2.01078,2.014,3.97648,4.7401,3.72846,0.33466,4.44719,-2.36546,0.7874,2.17548,1.4116,3.95546,6.11271,2.07765,0.6401,-5.01774,-2.36516,-0.68778,-0.43268,-1.44741,-0.08726,2.47262,2.53302,0.45629,-1.02714,-0.13115,-13.31102,-0.18927,9.999
Belize,4.89228,4.89265,4.95643,4.99988,4.93054,4.77085,4.91312,7.36723,5.10637,4.80769,3.95944,10.2183,5.35189,13.55999,3.59282,-0.03402,6.49659,7.92081,7.51702,13.43668,1.13377,-0.10771,-2.14318,1.97207,1.01251,4.53946,10.7353,9.78771,13.00922,11.44339,11.45288,12.03758,6.2369,0.19734,0.64008,1.0274,3.58354,3.92707,8.95187,13.00578,5.04202,5.11304,9.33157,4.63075,2.19844,4.58534,3.2747,-1.51992,-0.45237,1.25635,-0.1056,3.85835,4.52926,4.08958,3.36763,0.11312,-1.69492,1.10345,4.50205,-13.40296,15.22111,12.12875
Bolivia,2.0893,5.57892,6.79763,3.9566,4.91344,7.17059,6.31722,8.52944,4.4741,5.23103,5.06334,7.96749,5.73916,2.93957,7.31102,4.61457,4.97122,2.05269,0.13334,-1.37177,0.27562,-3.93874,-4.04212,-0.20067,-1.67639,-2.57388,2.46348,2.9095,3.79013,4.63579,5.26653,1.6465,4.2693,4.66727,4.67828,4.36134,4.95421,5.02935,0.42689,2.50781,1.6838,2.48557,2.71134,4.1733,4.42143,4.79701,4.56438,6.1485,3.357,4.12672,5.20409,5.12228,6.79601,5.46057,4.85719,4.26392,4.19521,4.22362,2.21671,-8.73788,6.1058,3.07005
Brazil,8.6,6.6,0.6,3.4,2.4,6.7,4.2,9.8,9.5,10.4,11.34292,11.94035,13.96872,8.15394,5.16665,10.25713,4.93433,4.9699,6.75956,9.2,-4.25,0.83,-2.93,5.4,7.85,7.49,3.53,-0.06,3.16,-4.35,1.03219,-0.54407,4.92469,5.85287,4.22379,2.20886,3.39485,0.3381,0.46794,4.38795,1.3899,3.05346,1.14083,5.75996,3.20213,3.96199,6.06987,5.0942,-0.12581,7.52823,3.97442,1.92118,3.00482,0.50396,-3.54576,-3.27592,1.32287,1.78367,1.22078,-3.27676,4.98885,2.90053
Cayman Islands,-,-,-,-,-,-,-,-,-,-,-,-,-,-,-,-,-,-,-,-,-,-,-,-,-,-,-,-,-,-,-,-,-,-,-,-,-,-,-,-,-,-,-,-,-,-,3.16263,-0.3574,-7.20048,-2.71564,1.16906,1.22975,1.27933,2.65453,2.83312,3.23997,3.18405,4.26727,3.91564,-5.10814,4.02866,-
Chile,5.24527,4.02669,5.84014,2.55722,0.95027,11.23624,3.616,3.59201,3.93798,1.82897,9.42269,-1.01995,-5.02925,2.38215,-12.9121,3.83258,10.44469,7.7011,8.4183,7.98662,6.52537,-11.01431,-5.01742,4.10368,4.00992,5.37769,6.46047,7.34511,9.92338,3.33357,7.80439,11.16671,6.58878,5.0302,8.9333,6.80292,7.39174,4.18089,-0.27363,4.97162,3.15403,3.2028,4.72325,6.67425,5.83705,6.04999,5.16823,3.78939,-1.11804,5.85165,6.2239,6.15534,3.30851,1.79265,2.15194,1.75304,1.3577,3.99003,0.74313,-6.14525,11.73743,2.4404
Colombia,5.08922,5.41189,3.28671,6.16694,3.60001,5.23674,4.13486,5.93312,6.10252,6.2078,5.96073,7.66915,6.72295,5.74576,2.32326,4.72837,4.15851,8.4699,5.37912,4.08735,2.27687,0.94842,1.57396,3.35068,3.10711,5.82408,5.36893,4.06417,3.4141,4.282,2.00161,4.04493,5.38541,5.81466,5.20244,2.05585,3.43029,0.56978,-4.20402,2.92486,1.6779,2.50398,3.91827,5.33302,4.82876,6.71687,6.73819,3.28345,1.13965,4.49466,6.94789,3.91264,5.13399,4.49903,2.9559,2.08738,1.35936,2.56432,3.18686,-7.2523,11.01619,7.49578
Costa Rica,1.87928,5.44239,6.89892,3.65905,8.19053,6.96932,5.65013,8.4733,5.4918,7.50313,6.77851,8.17805,7.70892,5.5449,2.10007,5.51756,8.90447,6.26769,4.93912,0.7519,-2.26166,-7.28557,2.86299,8.02411,0.7216,5.53625,4.76453,3.43215,5.66598,3.55306,2.26565,9.2011,7.09719,4.51903,4.15395,1.35046,5.47617,7.15531,4.21481,3.86872,3.49117,3.41688,4.31718,4.4246,3.97667,7.3267,8.21513,4.73817,-0.87346,5.36034,4.40316,4.88259,2.49477,3.54211,3.65208,4.20432,4.1577,2.6159,2.41751,-4.27335,7.7808,4.30502
Cuba,-,-,-,-,-,-,-,-,-,-,8.58386,4.82669,3.43449,0.98449,9.47643,5.42796,8.7095,6.596,1.08818,-4.84944,19.68833,8.91823,5.41147,7.92972,1.59667,0.0953,-2.40217,3.70554,0.68008,-2.94856,-10.6927,-11.5806,-14.87818,0.71693,2.4572,7.83875,2.78343,0.15915,6.18876,5.91476,3.18503,1.42482,3.79274,5.77054,11.20166,12.06586,7.26214,4.11683,1.45131,2.39035,2.8023,3.0149,2.7476,1.04758,4.43814,0.51376,1.80905,2.24848,-0.16484,-10.94834,1.25409,-
Dominican Republic,-,-,-,-,-,-,-,-,-,-,-,-,-,-,-,-,-,10.53575,-18.35929,13.38318,10.82933,4.12768,2.55632,4.19665,1.42093,7.07336,6.30756,7.81662,-0.19114,5.41798,1.34776,2.02942,2.16141,0.03448,3.03086,3.1042,2.18563,3.77423,0.35408,2.34022,-0.06384,-2.828,6.35314,3.05069,0.65586,4.65946,6.35297,7.12106,-1.16959,0.67263,-0.22355,-1.059,-0.99994,4.75379,-2.7315,2.76365,-6.61899,3.54758,5.50248,-16.60491,6.89158,5.93893
Dominica,-2.31325,17.04724,6.5029,6.76487,-12.48183,13.46334,3.32754,0.23886,10.89145,18.22668,10.87147,10.39416,12.89576,6.0019,5.19325,6.72812,4.98178,2.14068,4.5314,7.96874,4.27987,1.69871,4.62795,1.2529,-2.12253,3.52199,10.11737,2.15596,4.40054,-5.45431,0.94414,11.22093,7.36451,2.60035,5.68543,5.97783,8.88527,6.71448,5.94005,4.66176,2.45952,4.4951,-1.34571,2.57013,9.42824,9.17436,7.41595,3.2095,0.94616,8.33965,3.13342,2.71737,4.87521,7.05046,6.92702,6.6592,4.6667,6.98253,5.05217,-6.72024,12.27199,4.85832
Ecuador,5.12441,4.91915,2.10637,7.40725,3.27508,-0.33953,4.62107,1.90944,4.66924,6.87193,6.29261,5.01764,13.95068,11.20851,10.97215,7.39719,1.60484,5.70682,3.73405,3.70868,5.61286,0.61485,-0.33687,2.62527,3.935,3.46478,-0.2591,5.89047,1.00578,3.67991,4.29134,2.11431,1.97322,4.25825,2.25255,1.73175,4.32786,3.26653,-4.73939,1.0918,4.01563,4.09678,2.72288,8.21102,5.29131,4.40353,2.19006,6.35713,0.56649,3.5253,7.86814,5.64196,4.94651,3.78887,0.09887,-1.22638,2.36839,1.28929,0.01211,-7.78761,4.23525,2.94767
El Salvador,-,-,-,-,-,7.16114,5.43685,3.23669,3.48542,2.9773,3.85826,6.11753,4.86167,5.336,2.92353,5.04926,6.78006,5.32277,-4.18027,-15.83686,-5.72099,-6.30847,1.53903,1.33526,0.61432,0.19467,2.50817,1.87818,0.96406,4.8329,1.49409,7.02196,5.81832,4.69206,4.73408,0.81146,3.13797,2.65228,2.16203,1.12791,0.87961,1.57292,1.56539,0.8894,2.70546,4.34835,1.85848,2.13055,-2.08611,2.10789,3.80688,2.82262,2.23562,1.70871,2.4,2.53906,2.24762,2.41244,2.45565,-7.87838,11.17802,2.60024
Grenada,-,-,-,-,-,-,-,-,-,-,-,-,-,-,-,-,-,5.3414,5.60208,-0.53478,1.53419,4.12426,3.63257,3.56847,5.97971,7.19427,9.09743,2.96679,3.76773,4.01261,1.38555,-0.85115,-1.95882,1.69356,2.12948,4.43823,5.01549,11.7535,6.89836,4.88795,-2.0239,3.43732,9.46397,-0.64745,13.27619,-3.99533,6.12345,0.94754,-6.61328,-0.51115,0.76477,-1.15484,2.3511,7.34212,6.44522,3.7396,4.43868,4.36144,0.67651,-13.75662,4.68748,5.8
Guatemala,4.29852,3.5365,9.54104,4.63299,4.36177,5.5121,4.11218,8.76604,4.73691,5.70788,5.58375,7.33305,6.78283,6.37503,1.94999,7.38727,7.80922,4.99669,4.71346,3.75998,0.64686,-3.53009,-2.57209,0.4967,-0.60934,0.14305,3.54398,3.89239,3.94259,3.10256,3.65825,4.83834,3.92713,4.03374,4.94855,2.95778,4.36409,4.99353,3.84706,3.60887,2.33257,3.83929,2.56038,3.13792,3.27603,5.3514,6.33772,3.29352,0.4769,2.88418,4.16391,2.97471,3.69482,4.44398,4.09217,2.6778,3.07985,3.40687,4.0179,-1.79186,8.00241,4.118
Guyana,4.68952,1.10493,-12.27866,11.36028,10.54102,5.23327,4.31362,1.02483,6.99439,4.25546,3.11285,-3.31767,1.24472,7.70284,8.48302,1.53691,-2.63868,-1.80619,-1.8357,1.73389,1.49617,-13.19013,-6.79239,-5.02874,2.39967,-0.9006,0.8994,-3.69353,-4.91667,-3.06748,6.05787,7.75789,8.17511,8.53242,5.03145,7.95552,6.18067,-1.6791,2.96015,-1.3638,2.27952,1.13263,-0.63223,1.56335,-1.95096,5.12961,7.19124,1.75522,3.61151,4.13844,5.19625,5.27633,3.6535,1.68603,0.68752,3.80792,3.73437,4.44101,5.35263,43.47956,20.06001,57.80022
Haiti,-2.93198,7.88758,-1.89279,-1.64736,2.1618,-0.57579,-2.11769,3.18162,3.81194,0.65115,6.48038,0.97711,4.75532,5.77989,1.12275,8.43884,3.70815,6.20886,7.56042,7.37469,-2.85271,-3.56375,0.90818,0.30092,0.60363,-0.4975,-0.79365,0.20043,-2.91342,1.03812,1.88054,-5.30993,-5.4263,-11.95063,9.89771,4.14077,2.70471,2.18184,2.71025,0.87006,-0.34275,1.05182,3.48078,-1.31786,3.07217,1.76875,4.70653,2.65803,5.89038,-5.65151,5.09821,0.50242,4.32478,2.88877,1.4,1.81247,2.51027,1.66781,-1.7231,-3.30551,-1.79824,-1.68198
Honduras,1.85566,5.76485,3.58044,5.41665,9.03716,5.37384,5.97754,6.59818,0.65544,3.62672,3.995,5.7623,7.86985,-1.22764,2.13068,10.50069,10.38389,5.96621,5.60993,0.59935,-1.22204,-2.07466,0.90569,6.3273,5.62623,5.33077,6.63836,1.74603,2.72785,2.79175,-3.31931,6.07369,6.49572,0.2119,6.1893,1.87078,4.59808,3.59023,-0.73565,7.29129,2.72319,3.75434,4.54704,6.2323,6.0506,6.56724,6.18833,4.2316,-2.43163,3.73114,3.83569,4.12869,2.79156,3.05808,3.84008,3.89297,4.84291,3.84499,2.65307,-8.96476,12.5341,3.99795
Jamaica,-,-,-,-,-,-,1.80864,5.74413,5.57467,12.06441,2.45807,18.00856,-5.48551,-4.22926,-0.25609,-6.69425,-2.59755,-0.0537,-1.06004,-5.71416,2.63945,2.06923,1.90908,-1.54235,-2.94364,1.88259,7.85035,3.9743,7.1733,4.20054,4.83824,1.95554,9.4171,1.38339,2.34996,-0.11373,-1.14046,-2.33455,1.04767,0.8787,1.34493,1.99729,3.66632,1.32373,0.8938,2.89913,1.43195,-0.81174,-4.3453,-1.45715,1.73038,-0.61364,0.51769,0.68982,0.92149,1.37522,0.99712,1.88992,0.89229,-9.9,4.6,4.2
Nicaragua,7.49774,10.8908,10.86548,11.69848,9.52516,3.30114,6.96951,1.34296,6.2377,1.35383,3.30476,2.22072,6.41701,14.19243,-0.15325,5.20945,8.36848,-7.8388,-26.47879,4.61173,5.36329,-0.81636,4.61321,-1.56609,-4.08185,-1.01731,-0.70635,-12.44982,-1.73822,-0.0525,-0.18928,0.38635,-0.39294,3.33773,5.91191,6.34427,3.96665,3.71168,7.03597,4.10159,2.96084,0.75394,2.52073,5.31217,4.2824,4.1532,5.0767,3.43637,-3.29356,4.41048,6.31748,6.49598,4.92679,4.78582,4.79206,4.56234,4.63141,-3.36319,-2.89649,-1.76626,10.3469,3.7511
Panama,10.92659,8.24474,8.53879,4.43213,9.16004,7.5814,8.55293,6.97739,8.44139,6.95923,9.61614,4.58281,5.36431,2.44832,1.74092,1.66446,1.09403,9.79264,4.51475,13.08448,9.20681,5.34846,-4.49136,2.70947,4.94223,3.56779,-1.80906,-13.37984,1.56225,8.09899,9.41901,8.20168,5.45574,2.85015,1.75168,4.0797,6.46099,7.3415,3.91721,2.71537,0.57427,2.22915,4.2055,7.52208,7.19128,8.65247,11.98399,9.85565,1.24299,5.82799,11.31363,9.77849,6.90395,5.06642,5.73305,4.95321,5.59115,3.68543,3.28187,-17.66833,15.83576,10.80937
Paraguay,6.90029,3.30026,4.71029,4.21248,6.16797,1.9915,9.15037,4.52707,4.70115,5.55343,5.53815,6.6313,7.30281,8.38153,6.85244,7.52595,11.49408,12.02873,11.86215,11.71215,9.17046,-1.39762,-3.04262,2.8166,4.52314,4.96484,7.5823,5.91537,6.9352,4.12328,3.49365,1.69643,4.93636,5.31792,6.82281,1.57379,4.24252,0.06804,-1.36608,-2.31414,-0.83405,-0.0214,4.32075,4.05742,2.13349,4.80712,5.42162,6.49629,-0.26114,11.09523,4.28637,-0.70804,8.29308,5.30124,2.95715,4.26803,4.81008,3.20425,-0.40186,-0.81979,4.01674,0.07544
Peru,7.3471,10.03529,4.32825,6.54787,5.62173,8.23892,3.85256,0.15224,3.51446,3.36595,4.59054,3.47754,6.27693,9.38683,4.30086,1.44711,0.34906,-2.6425,4.09075,5.94334,5.55204,-0.22272,-10.40809,3.60829,2.06113,9.42596,9.72615,-9.44127,-12.31204,-4.98256,2.21926,-0.54051,5.24358,12.30837,7.4114,2.79897,6.47682,-0.39154,1.49491,2.69437,0.61789,5.45353,4.16502,4.9582,6.28506,7.5289,8.51839,9.12657,1.09582,8.33246,6.32719,6.13972,5.85252,2.38216,3.25224,3.95332,2.51884,3.96935,2.24063,-10.86964,13.41753,2.68387
Puerto Rico,7.04174,8.32331,8.65105,7.06092,9.20484,7.49915,6.22322,5.18043,9.37523,8.39792,6.36545,7.17357,6.3449,2.91738,-0.65457,6.24309,5.95068,6.93195,7.90682,4.24347,1.14795,-1.55664,-2.34197,5.92869,3.09744,4.97737,5.769,5.88837,4.33495,-2.84054,2.30439,4.56405,4.64453,4.18596,4.54899,2.31371,4.88009,5.53073,5.3897,3.27196,6.31347,0.91646,0.05342,8.74868,-1.98694,-1.40941,-1.16281,-1.84413,-1.95243,-0.41325,-0.35851,0.02928,-0.30683,-1.19036,-1.04944,-1.263,-2.88595,-4.36061,1.67506,-4.20281,0.43265,3.36097
Saint Kitts and Nevis,-,-,-,-,-,-,-,-,-,-,-,-,-,-,-,-,-,3.9099,7.59768,8.44012,1.5469,0.54774,1.18672,8.86581,8.55007,10.85699,6.55035,9.22537,5.47979,4.87725,-1.86469,4.26897,6.80195,5.30172,5.38314,5.84284,6.82397,-0.48675,3.21989,10.04281,5.25345,1.36772,-3.93339,3.99635,9.73282,3.15038,0.6006,11.17853,-3.37931,0.04398,1.61661,-0.52576,5.70982,7.58148,0.71401,3.93,0.00751,2.05202,4.04706,-14.53053,-0.8801,9
Saint Lucia,-,-,-,-,-,-,-,-,-,-,-,-,-,-,-,-,-,10.31194,3.79273,-2.22053,6.31025,2.08634,4.96538,7.26557,8.28777,14.40202,3.92373,13.89966,8.981,9.8907,0.37568,7.95308,0.5832,1.59856,1.74823,2.92259,-0.69413,6.28647,2.6706,0.04875,-3.40806,0.41645,4.26461,7.26741,-0.4103,6.19526,1.69162,4.94932,-2.8289,0.33043,4.32713,-0.11013,-2.00425,1.328,0.10112,3.42867,3.38779,2.88038,-0.64997,-24.36571,12.23194,15.4
Saint Vincent and the Grenadines,4.52728,3.69426,-6.26534,3.66973,0.88494,0,-9.52381,6.50971,2.86084,10.74589,2.96805,25.83149,-11.10134,-8.82059,-7.60871,10.37682,13.22941,9.77747,3.38222,2.44272,4.6139,4.47685,2.1686,6.58634,6.17935,5.59974,0.438,14.07469,1.40561,4.14919,1.13558,6.37794,4.25073,-1.24762,7.76665,1.28791,3.50515,4.09019,2.71031,1.63903,1.74823,5.34213,6.69134,4.1147,2.48856,6.99693,3.32297,0.40464,-1.37819,-4.47047,-0.60628,1.16911,2.46248,1.14576,2.78522,4.14957,1.54813,3.17538,0.66207,-3.73939,0.75373,4.95299
Suriname,4.8,3.9,5.6,6.5,12,19.2,12.1,7.6,4.5,2.7,3.9,-0.6,-1.8,0.4,2.8,8.8,10.2,6.6,-0.6,-8.8,7.1,-4.2,-3.9,-1.9,2,0.8,-6.2,7.8,4.2,-4.5,2.7,0.4,-6.7,3.4,0,1,5.7,2.3,-1.4,2.1,4.2,2.8,6.3,8.5,4.5,5.79354,5.11149,4.14341,3.0137,5.16883,5.84937,2.69035,2.93344,0.2555,-3.4111,-4.91579,1.56719,4.94827,1.1688,-15.9752,-2.72962,1.88772
Trinidad and Tobago,14.03707,2.74246,5.6046,7.6305,0.69385,4.05682,2.04252,5.21514,2.73068,3.53364,1.04034,5.78035,1.65642,3.8076,1.47797,6.40515,9.12179,10.01648,3.59937,10.39081,4.57721,3.79932,-10.30033,-5.75091,-4.11942,-3.27916,-4.56178,-3.91972,-0.82991,1.50917,3.11241,10.09298,-0.66911,3.56718,3.80991,7.13448,7.52285,8.12456,8.02482,6.90136,4.16852,7.93671,14.44099,7.95005,6.20894,13.20806,4.75421,3.39174,-4.39173,3.32322,-0.29435,6.61012,3.8438,3.32294,-0.75562,-6.76444,-4.707,-0.87097,0.11039,-7.67833,-1.02654,2.48095
Turks and Caicos Islands,-,-,-,-,-,-,-,-,-,-,-,-,-,-,-,-,-,-,-,-,-,-,-,-,-,-,-,-,-,-,-,-,-,-,-,-,-,-,-,-,-,-,-,-,-,-,-,-,-,-,-,-0.9723,1.07088,8.7113,11.31483,7.25118,-2.49022,5.61096,5.32455,-26.78288,8.97451,-0.49948
United States Virgin Islands,-,-,-,-,-,-,-,-,-,-,-,-,-,-,-,-,-,-,-,-,-,-,-,-,-,-,-,-,-,-,-,-,-,-,-,-,-,-,-,-,-,-,-0.39608,3.28589,3.48531,3.50499,4.01059,1.21862,-6.59479,0.59638,-8.20425,-14.8125,-6.28516,-1.77453,-0.42508,1.60085,-0.73529,1.90476,2.77778,-2.14701,-,-
Uruguay,2.49304,-1.57455,0.17046,2.44052,1.0456,3.06286,-3.65683,1.88891,5.86474,2.33321,-0.25171,-1.31957,0.2752,2.89534,6.09691,3.93547,1.45546,5.37399,6.19912,5.8434,1.55956,-9.75787,-10.2744,-1.14262,1.46654,8.80981,7.99314,1.48094,1.1039,0.29735,3.53881,7.93159,2.65755,7.28134,-1.4476,5.57796,8.54768,4.51889,-1.52095,-1.92993,-3.84413,-7.73201,0.80528,5.00416,7.46013,4.09858,6.54151,7.17614,4.24349,7.80341,5.16213,3.53818,4.63754,3.23879,0.37074,1.6898,1.74038,0.156,0.74443,-6.26298,5.27656,4.92187
Venezuela,3.19252,8.53293,3.90095,11.12935,4.16287,1.51025,2.83387,7.33723,0.70604,7.71191,1.47929,1.28281,7.10996,2.06933,2.89626,7.72774,6.27078,2.3469,0.76436,-4.42132,-0.36281,-2.07101,-3.76482,1.44216,0.1933,6.51035,3.58165,5.82137,-8.56988,6.46794,9.72989,6.06047,0.27539,-2.34951,3.95166,-0.19784,6.37093,0.29406,-5.97046,3.68694,3.39424,-8.85565,-7.7553,18.28661,10.31791,9.87215,8.75358,5.27785,-3.2023,-1.48879,4.17643,5.62596,1.34309,-3.89439,-,-,-,-,-,-,-,-
Europe,,,,,,,,,,,,,,,,,,,,,,,,,,,,,,,,,,,,,,,,,,,,,,,,,,,,,,,,,,,,,,
Albania,-,-,-,-,-,-,-,-,-,-,-,-,-,-,-,-,-,-,-,-,5.74564,2.9486,1.10494,-1.2516,1.78064,5.63724,-0.78784,-1.42004,9.83655,-9.57564,-28.00214,-7.18711,9.55941,8.30287,13.32233,9.1,-10.91998,8.82942,12.8908,6.94622,8.29331,4.53652,5.52864,5.51467,5.52642,5.90266,5.98326,7.50004,3.35429,3.70694,2.54541,1.41724,1.00202,1.77445,2.21873,3.31498,3.8026,4.01935,2.08771,-3.30208,8.90853,4.84424
Andorra,-,-,-,-,-,-,-,-,-,-,4.64947,8.14974,7.78847,5.61879,0.54221,3.30379,2.83858,1.463,0.04156,2.20873,-0.13247,1.24646,1.77012,1.78469,2.32143,3.25332,5.54712,5.09433,4.82703,3.78139,2.546,0.92921,-1.03148,2.38318,2.7575,4.64974,9.06767,3.19479,4.09908,3.52836,8.11936,4.54636,8.6942,8.13568,5.3978,4.80869,1.55319,-5.55919,-5.30285,-1.97496,-0.00807,-4.97444,-3.5476,2.50447,1.43414,3.70968,0.34607,1.58877,2.01555,-11.18394,8.2872,8.80958
Austria,5.53798,2.64868,4.13827,6.12435,3.48017,5.64286,3.00805,4.47231,6.27587,6.32114,5.11497,6.20786,4.89044,3.94214,-0.36374,4.57845,5.07998,-0.21065,5.3567,1.73149,-0.14429,2.01125,2.97309,0.05127,2.49868,2.30139,1.35717,3.29588,3.88707,4.34564,3.44163,2.09352,0.52681,2.40212,2.66798,2.34953,2.0936,3.58143,3.55633,3.37572,1.26717,1.65155,0.94147,2.73512,2.24407,3.45404,3.72742,1.46042,-3.76458,1.83709,2.9228,0.68045,0.0255,0.66127,1.0145,1.98944,2.25857,2.42539,1.51739,-6.45397,4.55685,4.99694
Belarus,-,-,-,-,-,-,-,-,-,-,-,-,-,-,-,-,-,-,-,-,-,-,-,-,-,-,-,-,-,-,-1.2,-9.6,-7.6,-11.7,-10.4,2.8,11.40001,8.39999,3.4,5.8,4.72531,5.04527,7.04319,11.44974,9.4,9.99999,8.60001,10.2,0.2,7.79827,5.37871,1.68714,1.00347,1.72621,-3.82966,-2.52583,2.53162,3.14964,1.44621,-0.6729,2.43887,-4.69745
Belgium,4.97842,5.212,4.35158,6.95668,3.56066,3.15589,3.86815,4.19413,6.6298,5.58286,3.98583,5.2956,6.3817,4.56526,-1.96594,5.65275,0.62615,2.8419,2.34107,4.44405,-0.27928,0.59499,0.31184,2.46638,1.65179,1.82276,2.30666,4.72321,3.46917,3.1374,1.83307,1.53065,-0.96187,3.22697,2.38476,1.32145,3.79366,1.96181,3.54274,3.71668,1.09962,1.70688,1.03798,3.5712,2.32174,2.55235,3.67688,0.44693,-2.02074,2.86429,1.69451,0.73922,0.45924,1.57853,2.04146,1.26669,1.61958,1.79295,2.26157,-5.36259,6.28593,3.24784
Bulgaria,-,-,-,-,-,-,-,-,-,-,-,-,-,-,-,-,-,-,-,-,4.90016,2.33457,3.43031,3.39644,2.68344,4.2076,6.05451,10.94469,-3.28988,-9.11738,-8.44536,-7.27239,-1.48021,1.81801,2.85505,5.20539,-14.11538,3.78912,-8.39609,4.58723,3.8237,5.87193,5.23715,6.51043,7.05635,6.80259,6.59138,6.11602,-3.27185,1.5418,2.10121,0.75493,-0.56049,0.96687,3.42805,3.03983,2.76217,2.68476,4.03814,-3.95861,7.63461,3.36125
Channel Islands,-,-,-,-,-,-,-,-,-,-,-,-,-,-,-,-,-,-,-,-,-,-,-,-,-,-,-,-,-,-,-,-,-,-,-,-,-,-,-,-,-,-,-,-,-,-,-,-,-,-,-,-,-,-,-,-,1.96611,1.05229,1.32512,-7.96508,8.64677,-
Croatia,-,-,-,-,-,-,-,-,-,-,-,-,-,-,-,-,-,-,-,-,-,-,-,-,-,-,-,-,-,-,-,-,-,-,-,6.04145,6.17852,2.25094,-0.84029,2.9588,3.11246,5.82302,5.59535,4.18265,4.3087,4.91806,4.96092,2.00186,-7.19344,-1.22378,-0.08661,-2.33166,-0.39783,-0.42936,2.52229,3.55936,3.41247,2.80068,3.42101,-8.58034,13.0722,6.33134
Czech Republic,-,-,-,-,-,-,-,-,-,-,-,-,-,-,-,-,-,-,-,-,-,-,-,-,-,-,-,-,-,-,-11.61494,-0.50654,0.0619,2.90931,6.50081,4.26542,-0.51833,-0.35657,1.38415,4.00103,3.04298,1.56986,3.58369,4.81426,6.60162,6.76693,5.57034,2.68641,-4.65733,2.4349,1.76036,-0.785,-0.0459,2.2621,5.38838,2.53728,5.16872,3.22009,3.02988,-5.50297,3.55272,2.46092
Denmark,6.37883,5.66682,0.63702,9.26994,4.55525,2.74091,5.53037,5.55308,6.50925,1.59684,3.005,3.92939,4.09295,-1.12239,-1.45664,5.92461,1.87029,2.22631,3.86911,-0.48299,-0.66612,3.68457,2.59607,4.16614,4.00375,4.90418,0.25427,-0.0136,0.64519,1.47524,1.39363,1.95701,0.01069,5.33246,3.02759,2.9001,3.26089,2.21816,2.94802,3.74686,0.82315,0.46635,0.39006,2.66822,2.33664,3.91301,0.90924,-0.51202,-4.90655,1.87099,1.33678,0.2265,0.93334,1.61939,2.34259,3.24596,2.82174,1.98954,1.49349,-1.99461,4.85571,3.81902
Estonia,-,-,-,-,-,-,-,-,-,-,-,-,-,-,-,-,-,-,-,-,-,-,-,-,-,-,-,-,-,-,-,-,-,-,-,4.94301,13.05001,4.33983,-0.42503,10.08763,6.00367,6.77137,7.60027,6.80401,9.52643,9.76558,7.57914,-5.132,-14.62906,2.44427,7.26308,3.2282,1.45843,3.01137,1.85302,3.15556,5.79204,3.7842,3.73971,-0.551,8.01346,-1.28741
Faroe Islands,-,-,-,-,-,-,-,-,-,-,-,-,-,-,-,-,-,-,-,-,-,-,-,-,-,-,-,-,-,-,-,-,-,-,-,-,-,-,-,-,-,-,-,-,-,-,-,-,-4.303,-0.57694,3.70819,7.01665,5.85305,5.4327,0.97638,1.46992,3.51431,2.73155,4.95285,-2.62873,5.63492,-
Finland,7.60467,2.98195,3.2851,5.23869,5.30286,2.37282,2.16883,2.30329,9.59329,4.81374,2.35692,7.73549,6.98383,3.23653,1.8049,0.34438,0.23951,2.91971,7.12193,5.38905,1.31588,3.10809,3.11658,3.23769,3.5489,2.75563,3.57483,5.21715,5.08714,0.67028,-5.88633,-3.29466,-0.662,3.96305,4.21687,3.66718,6.3338,5.45718,4.37958,5.77336,2.61002,1.70715,2.00378,3.99209,2.77985,4.02741,5.29934,0.784,-8.07445,3.18596,2.54766,-1.39755,-0.9017,-0.36491,0.54366,2.81146,3.19241,1.13972,1.22475,-2.35497,3.04648,2.08378
France,4.98011,6.84347,6.23368,6.6521,4.86151,5.25184,4.92115,4.49131,7.10948,6.10868,5.31672,4.51137,6.34458,4.30092,-0.95988,4.35676,3.46431,3.97854,3.54999,1.57875,1.06902,2.5054,1.24086,1.51372,1.62278,2.33728,2.5619,4.74314,4.34386,2.92394,1.04818,1.59934,-0.62867,2.35834,2.1067,1.41299,2.3363,3.58866,3.42137,3.92367,1.98372,1.13553,0.82316,2.82975,1.66322,2.44932,2.42474,0.25495,-2.87331,1.94944,2.1927,0.31313,0.57633,0.95618,1.11291,1.09546,2.29142,1.86507,1.84297,-7.78459,6.81659,2.56239
Germany,-,-,-,-,-,-,-,-,-,-,3.1327,4.30034,4.77749,0.89007,-0.86674,4.94926,3.34722,3.00849,4.15036,1.40883,0.52924,-0.39484,1.57241,2.82295,2.32794,2.28734,1.40215,3.70724,3.89655,5.25501,5.10826,1.92308,-0.97685,2.39189,1.54415,0.80582,1.79216,2.01393,1.88726,2.9125,1.68147,-0.19797,-0.70012,1.17509,0.73171,3.81644,2.97646,0.95988,-5.69384,4.17988,3.92519,0.4185,0.43759,2.20954,1.49193,2.23,2.68023,0.98123,1.0566,-3.69679,2.62699,1.78521
Greece,13.20384,0.36481,11.84487,9.40968,10.76801,6.4945,5.66949,7.20372,11.56367,8.56525,7.84118,10.16015,8.09238,-6.43824,6.36681,6.8519,2.941,7.24686,3.28208,0.67713,-1.55372,-1.13265,-1.07862,2.01058,2.50956,0.51766,-2.25886,4.28786,3.8,0,3.1,0.7,-1.6,2,2.09972,2.86213,4.4842,3.89491,3.0726,3.91977,4.13161,3.92287,5.79453,5.06099,0.59914,5.65243,3.27375,-0.33517,-4.30073,-5.47822,-10.14931,-7.0867,-2.516,0.4757,-0.19609,-0.48717,1.09215,1.66843,1.88434,-9.00404,8.43443,5.91371
Hungary,-,-,-,-,-,-,-,-,-,-,-,-,-,-,-,-,-,-,-,-,-,-,-,-,-,-,-,-,-,-,-,-3.06418,-0.57611,2.94715,1.48953,0.08241,3.14312,3.9,3.07103,4.47919,4.07409,4.74129,4.07425,5.00462,4.29428,3.94607,0.27737,1.00394,-6.59787,1.07625,1.86684,-1.25023,1.80252,4.23221,3.70732,2.201,4.27198,5.36235,4.86423,-4.53555,7.2,4.57791
Iceland,-0.08466,8.31371,10.28338,9.91654,7.37173,8.73593,-1.26726,-5.47491,2.37459,-,-,-,-,-,-,-,-,-,-,-,-,-,-,-,-,-,-,-,-,-,-,-,-,-,-,4.56712,5.77161,7.3628,4.03492,4.98504,4.0135,0.55952,2.14269,7.8024,6.12444,6.31699,8.45486,2.2095,-7.66381,-2.83277,1.84578,1.06364,4.55246,1.68722,4.43666,6.30369,4.19495,4.88917,1.80516,-7.24187,4.3334,6.44457
Ireland,-,-,-,-,-,-,-,-,-,-,3.46989,6.48981,4.72143,4.26023,5.65665,1.39481,8.2113,7.18673,3.07304,3.07933,3.32522,2.28347,-0.2443,4.35437,3.08561,-0.42833,4.66309,5.21741,5.81392,8.46653,1.92964,3.34327,2.69261,5.75583,9.63442,7.37962,11.02176,8.76612,10.52989,9.40352,5.30582,5.89937,3.01384,6.78814,5.73978,4.98785,5.31012,-4.48407,-5.09578,1.68297,0.83383,-0.00554,1.12569,8.64935,24.37045,2.00665,9.00534,8.52754,5.44094,6.18454,13.58825,11.96958
Isle of Man,-,-,-,-,-,-,-,-,-,-,-,-,-,-,-,-,-,-,-,-,-,-,-,-,0.41892,19.10554,9.89635,11.82936,6.84521,4.18698,1.60499,0.8,2.6,4,4.3,7.70001,8.59999,13.50001,13.7,5.3,5.4,6.2,6,5.2,5.9,7.7,7.5,4.9,2.1,3.4,2,7.30388,4.14187,5.15503,-0.3858,6.9523,2.83776,2.2134,0.25488,-8.83623,-,-
Italy,8.20725,6.20365,5.60973,2.7977,3.26802,5.98479,7.17861,6.54455,6.09806,5.26869,1.81811,3.69049,7.12586,5.50014,-2.09016,7.12539,2.5605,3.24014,5.95916,3.43002,0.84423,0.41359,1.1692,3.22585,2.79809,2.85997,3.19196,4.19438,3.38838,1.98577,1.53845,0.83428,-0.85281,2.15102,2.88684,1.26678,1.83021,1.81062,1.62573,3.78696,1.95137,0.25394,0.13863,1.42359,0.81785,1.79064,1.48707,-0.96201,-5.28094,1.7133,0.70733,-2.98091,-1.84107,-0.00455,0.7783,1.29346,1.66786,0.92581,0.4832,-8.97913,6.98677,3.67468
Kosovo,-,-,-,-,-,-,-,-,-,-,-,-,-,-,-,-,-,-,-,-,-,-,-,-,-,-,-,-,-,-,-,-,-,-,-,-,-,-,-,-,-,-,-,-,-,-,-,-,5.03488,4.93992,6.31989,1.7122,5.34091,3.3488,5.91627,5.57176,4.82569,3.40663,4.75683,-5.34028,10.74561,3.51171
Latvia,-,-,-,-,-,-,-,-,-,-,-,-,-,-,-,-,-,-,-,-,-,-,-,-,-,-,-,-,-,-,-,-,-,-,-,2.58802,8.83691,6.33594,2.75617,5.67574,6.32351,7.08813,8.42286,8.28415,10.72037,11.97184,9.94192,-3.24912,-14.26014,-4.45557,2.57371,7.04225,2.00797,1.90217,3.88526,2.36861,3.31248,3.99185,2.5697,-2.20299,4.06402,1.97619
Liechtenstein,-,-,-,-,-,-,-,-,-,-,1.66922,1.66922,1.66923,1.66922,1.66923,4.75867,4.75868,4.75868,4.75867,4.75867,4.81482,-1.59011,0.5386,4.28571,7.02055,4,9.23077,5.6338,4.49199,2.25287,1.80117,3.60829,4.3321,6.86614,5.87555,6.9053,7.22513,7.76126,10.41092,3.22019,-0.73309,-0.99392,-1.93757,3.03917,4.82808,8.64497,3.32596,1.79809,-1.15748,-,-,-,-,-,-,-,-,-,-,-,-,-
Lithuania,-,-,-,-,-,-,-,-,-,-,-,-,-,-,-,-,-,-,-,-,-,-,-,-,-,-,-,-,-,-,-,-,-,-,-,5.15846,8.31092,7.47576,-1.14157,3.69553,6.52611,6.75141,10.56596,6.56949,7.73237,7.41412,11.10748,2.61442,-14.83861,1.65124,6.03901,3.84386,3.55007,3.53701,2.02458,2.51883,4.2826,3.99331,4.6251,-0.02207,5.98085,1.8878
Luxembourg,3.82998,1.35868,3.43911,7.86583,-0.73493,1.1059,0.21673,4.18387,9.97286,11.09445,2.66723,6.5982,8.31267,4.21247,-6.57137,2.53433,1.56977,4.07497,2.34561,0.84088,-0.55096,1.1313,2.98908,6.18694,2.7917,9.98394,3.95097,8.46328,9.79807,5.31993,8.64419,1.81965,4.20065,3.82092,1.4322,1.39807,5.41983,6.67451,8.17518,6.93813,3.07435,3.22542,2.61938,4.23189,2.48287,6.01672,8.09867,-0.30018,-3.23895,3.76041,1.0443,1.6499,3.17179,2.62309,2.26978,4.97819,1.31719,1.21932,2.31993,-0.79744,5.10246,1.54871
North Macedonia,-,-,-,-,-,-,-,-,-,-,-,-,-,-,-,-,-,-,-,-,-,-,-,-,-,-,-,-,-,-,-6.17077,-6.5652,-7.46927,-1.75817,-1.11473,1.1851,1.43998,3.37874,4.33903,4.54914,-3.06726,1.49367,2.2226,4.67409,4.72409,5.13703,6.47349,5.472,-0.35861,3.35875,2.33989,-0.45618,2.92526,3.62912,3.85587,2.84821,1.08177,2.8806,3.91042,-6.11089,5.50602,2.14666
Malta,-,-,-,-,-,-,-,-,-,-,2.45399,5.83833,4.14614,10.0364,19.56008,17.01709,12.18417,11.16116,10.49077,7.04971,3.31176,2.28445,-0.61239,0.94237,2.58528,3.88519,4.11051,8.41424,8.17911,6.29139,6.25649,4.69093,4.48075,5.6511,6.34249,3.77734,5.25698,5.1256,4.71997,19.68179,-1.1748,2.56505,4.07457,0.1396,3.3833,2.51049,4.77535,3.82559,-1.13311,5.54357,0.46613,4.11866,5.47306,7.63312,9.60813,3.38112,10.92533,6.14023,7.00883,-8.61249,11.8059,6.85101
Moldova,-,-,-,-,-,-,-,-,-,-,-,-,-,-,-,-,-,-,-,-,-,-,-,-,-,-,-,-,-,-,-,-,-,-,-,-5.87706,1.64706,-6.54219,-3.36825,2.10772,6.1,7.8,6.6,7.4,7.5,4.8,3,7.8,-6,7.1,5.81817,-0.58973,9.04387,4.99963,-0.33824,4.64601,4.17561,4.0756,3.55231,-8.27598,13.93,-5.94804
Monaco,-,-,-,-,-,-,-,-,-,-,5.22806,4.64831,6.55376,4.47461,-0.97264,4.41163,3.55324,3.95355,3.5342,1.68546,0.92238,2.43239,1.19497,1.48452,1.7087,2.45236,2.48457,4.5986,4.16366,2.64345,1.01513,1.36664,-0.91392,2.21562,2.11715,1.11073,2.23725,3.50327,3.30054,3.91023,2.18773,1.0265,1.08754,2.47048,1.89541,5.80394,14.4289,0.66684,-11.3,2.1,7,1.01222,9.57489,7.18919,4.86347,3.45155,-3.50096,5.95627,6.90567,-12.96513,21.55356,-
Netherlands,0.29555,6.84351,3.62462,8.2749,8.64309,2.7411,5.28001,6.41613,6.42945,6.14018,4.31698,3.53387,5.44422,3.43872,0.00203,4.45631,2.52044,2.69625,2.01417,1.34191,-0.78361,-1.24076,2.06996,3.06168,2.58018,2.78698,1.93125,3.44122,4.42012,4.18322,2.43913,1.70607,1.25755,2.96109,3.11604,3.49874,4.32905,4.66392,5.03405,4.19564,2.32696,0.21727,0.15565,1.98495,2.05088,3.46099,3.77284,2.17032,-3.66688,1.34274,1.55119,-1.03035,-0.13018,1.4234,1.95917,2.19171,2.9109,2.36092,1.95559,-3.88608,4.86322,4.47824
Norway,6.27334,2.81395,3.78504,5.00965,5.28561,3.78651,6.25608,2.25988,4.50461,2.34478,5.67361,5.3306,4.53293,3.92218,4.9521,5.82553,4.16071,3.86935,4.37251,4.56424,1.59834,0.23532,3.97301,6.05238,5.5534,4.04211,1.7535,-0.25513,1.03825,1.93229,3.08444,3.57446,2.84518,5.05527,4.15564,5.02796,5.28456,2.66869,2.07205,3.31895,2.06713,1.37756,0.94491,4.01463,2.68508,2.46151,2.914,0.48192,-1.94036,0.78705,1.10566,2.71796,1.01619,2.04813,1.85734,1.16472,2.46375,0.82893,1.12375,-1.27817,3.8984,3.28056
Poland,-,-,-,-,-,-,-,-,-,-,-,-,-,-,-,-,-,-,-,-,-,-,-,-,-,-,-,-,-,-,-7.01558,2.51498,3.73831,5.2928,7.10287,6.11554,6.449,4.64051,4.65489,4.56099,1.25857,2.03586,3.49839,4.98284,3.50683,6.13114,7.06153,4.19998,2.83218,2.93464,5.04219,1.54522,0.85656,3.83696,4.3833,2.95351,5.14002,5.94521,4.45004,-2.02012,6.84776,4.87402
Portugal,5.5349,6.61445,5.8737,6.31075,7.46899,4.07791,7.54448,8.87551,2.12074,12.61261,6.63165,8.0157,11.20067,1.14286,-4.34763,6.90023,5.6026,2.81597,5.63894,4.58934,1.6181,2.13538,-0.17311,-1.87998,2.80744,4.14096,6.38139,7.48911,6.44064,3.95052,4.36821,1.08948,-2.04328,0.96484,4.28278,3.50425,4.40087,4.80796,3.90658,3.81618,1.94367,0.77092,-0.93052,1.78874,0.78185,1.62503,2.50658,0.31925,-3.12208,1.73763,-1.69616,-4.05729,-0.92264,0.79219,1.79205,2.01949,3.50635,2.84933,2.68276,-8.30052,5.50276,6.68575
Romania,-,-,-,-,-,-,-,-,-,-,-,-,-,-,-,-,-,-,-,-,-,-,-,-,-,-,-,-,-,-,-12.91821,-8.76723,1.52883,3.93194,6.23351,3.9077,-4.84906,-2.02981,-0.37666,2.46126,5.21814,5.70299,2.34115,10.42811,4.66815,8.02881,7.23381,9.30747,-5.51739,-3.90124,4.51709,1.92499,0.26996,4.12067,3.1605,2.85755,8.19651,6.02902,3.85316,-3.67751,5.79325,4.79219
Russia,-,-,-,-,-,-,-,-,-,-,-,-,-,-,-,-,-,-,-,-,-,-,-,-,-,-,-,-,-,-3,-5.04694,-14.53107,-8.66854,-12.56976,-4.14353,-3.75507,1.39992,-5.29996,6.39991,10.00007,5.10005,4.69999,7.29995,7.19995,6.39997,8.20007,8.49998,5.19997,-7.79999,4.5,4.30003,4.02409,1.75542,0.73627,-1.97272,0.19369,1.82579,2.80725,2.19808,-2.65365,5.61429,-2.06971
San Marino,-,-,-,-,-,-,-,-,-,-,-,-,-,-,-,-,-,-,-,-,-,-,-,-,-,-,-,-,-,-,-,-,-,-,-,-,-,7.46562,9.04936,2.17938,5.57834,0.3108,3.87297,4.54884,2.42511,3.83008,7.10932,-0.50094,-10.32096,-5.47368,-8.31477,-7.04453,-0.78397,-0.70237,2.29151,2.34441,0.25827,1.49391,2.06569,-6.64791,8.46307,-
Slovakia,-,-,-,-,-,-,-,-,-,-,-,-,-,-,-,-,-,-,-,-,-,-,-,-,-,-,-,-,-,-,-,-,1.90133,6.20553,5.84349,6.6199,5.92584,4.0761,-0.10591,1.16653,3.25378,4.50944,5.49908,5.27888,6.62346,8.49318,10.83203,5.57489,-5.45553,6.71663,2.67145,1.3188,0.63274,2.69719,5.16718,1.94395,2.93807,4.03039,2.50972,-3.33624,4.86326,1.6687
Slovenia,-,-,-,-,-,-,-,-,-,-,-,-,-,-,-,-,-,-,-,-,-,-,-,-,-,-,-,-,-,-,-,-,-,-,-,3.20301,5.04979,3.27937,5.33267,3.67237,3.21656,3.5056,2.96026,4.35919,3.79797,5.7464,6.98016,3.50984,-7.54844,1.34375,0.86133,-2.63944,-1.02928,2.76816,2.21008,3.19185,4.81538,4.45437,3.45108,-4.32137,8.21106,5.37455
Spain,11.83867,9.95344,9.5965,5.30851,6.25313,7.24606,4.34034,6.59702,8.90702,4.28918,4.64947,8.14975,7.78847,5.61879,0.5422,3.30379,2.83857,1.463,0.04155,2.20873,-0.13247,1.24646,1.77012,1.78469,2.32144,3.25332,5.54712,5.09432,4.82703,3.78139,2.546,0.92922,-1.03149,2.3832,2.75749,2.66056,3.70249,4.3931,4.49055,5.24594,3.933,2.73095,2.98194,3.12273,3.65208,4.10269,3.60474,0.88707,-3.76311,0.16292,-0.81438,-2.95892,-1.40334,1.39578,3.83852,3.03777,2.97576,2.28447,1.98397,-11.32544,5.51959,5.45174
Sweden,5.68129,4.25905,5.32793,6.82116,3.82151,2.09084,3.36539,3.63851,5.00908,7.28921,0.94465,2.28874,3.96798,3.1982,2.55286,1.0581,-1.59626,1.75155,3.84,1.69997,0.45483,1.24866,1.90064,4.22954,2.16037,2.69132,3.35384,2.55904,2.65481,0.75467,-1.14597,-1.15859,-2.06562,3.92997,3.93519,1.57946,3.07053,4.31184,4.24718,4.76635,1.4495,2.19692,2.30981,4.33686,2.8588,4.66277,3.43922,-0.45056,-4.33979,5.95211,3.19533,-0.5883,1.18778,2.6578,4.48928,2.07059,2.56792,1.95002,1.9862,-2.17021,5.38584,2.64222
Switzerland,-,-,-,-,-,-,-,-,-,-,-,-,-,-,-,-,-,-,-,-,1.60134,-1.30942,0.63908,3.00846,3.6736,1.85863,1.58548,3.2776,4.33079,3.67463,-0.91582,-0.04373,-0.12598,1.26976,0.48087,0.47128,2.26133,3.02997,1.6627,3.95872,1.57566,-0.07322,-0.0324,2.70171,2.7497,4.07363,3.91638,2.80798,-2.29737,3.2434,1.81311,1.17925,1.79214,2.34988,1.64463,2.06869,1.3628,2.86045,1.14198,-2.37556,4.22172,2.05923
Ukraine,-,-,-,-,-,-,-,-,-,-,-,-,-,-,-,-,-,-,-,-,-,-,-,-,-,-,-,2.56646,3.8731,-6.34524,-8.7,-9.9,-14.2,-22.9,-12.2,-10,-3,-1.9,-0.2,5.9,8.8,5.33965,9.51661,11.79535,3.07123,7.57142,8.21584,2.24349,-15.13647,4.092,5.44528,0.15231,0.04544,-10.07889,-9.77299,2.44098,2.35997,3.48836,3.1995,-3.7528,3.44563,-29.1
United Kingdom,2.67712,1.10291,4.87438,5.53366,2.14218,1.5731,2.78647,5.44108,1.9241,6.68003,3.50472,4.32167,6.52385,-2.4844,-1.47365,2.91027,2.45775,4.20426,3.74902,-2.03137,-0.78774,1.99489,4.22186,2.26911,4.14742,3.15034,5.39274,5.73241,2.5776,0.73376,-1.10312,0.40108,2.48983,3.84601,2.53167,1.90772,4.52407,3.15729,3.01407,4.09265,2.15743,1.77077,3.12305,2.34497,2.66834,2.16041,2.56346,-0.15434,-4.51049,2.43007,1.06761,1.44846,1.81986,3.1997,2.3931,2.16521,2.44357,1.70502,1.60431,-11.03086,7.59747,4.10162
Montenegro,-,-,-,-,-,-,-,-,-,-,-,-,-,-,-,-,-,-,-,-,-,-,-,-,-,-,-,-,-,-,-,-,-,-,-,-,-,4.90001,-9.4,3.1,1.09984,1.90394,2.48266,4.42605,4.1806,8.56642,6.81015,7.22275,-5.7951,2.73433,3.22845,-2.72379,3.54898,1.7837,3.39038,2.94928,4.71647,5.07789,4.06294,-15.30689,13.04346,6.09378
Serbia,-,-,-,-,-,-,-,-,-,-,-,-,-,-,-,-,-,-,-,-,-,-,-,-,-,-,-,-,-,-,-,-,-,-,-,6.26408,7.20738,3.34088,-9.42416,6.13181,6.87877,6.38041,4.38776,9.0282,5.53035,5.10779,6.43953,5.65558,-2.73175,0.73104,2.03628,-0.68154,2.89264,-1.58951,1.80606,3.33859,2.10116,4.49512,4.33173,-0.90322,7.54991,2.25145
Africa,,,,,,,,,,,,,,,,,,,,,,,,,,,,,,,,,,,,,,,,,,,,,,,,,,,,,,,,,,,,,,
Algeria,-13.60544,-19.68504,34.31373,5.83941,6.2069,-4.80497,9.45296,10.79624,8.43328,8.86266,-11.33172,27.42397,3.81318,7.49492,5.04534,8.38676,5.25859,9.21484,7.47783,0.79061,3,6.4,5.4,5.6,3.7,0.4,-0.7,-1.00001,4.4,0.8,-1.2,1.8,-2.1,-0.9,3.79999,4.1,1.1,5.1,3.2,3.8,3,5.6,7.2,4.3,5.9,1.7,3.4,2.4,1.6,3.6,2.9,3.4,2.8,3.8,3.7,3.2,1.3,1.2,1,-5.1,3.4,3.1
Angola,-,-,-,-,-,-,-,-,-,-,-,-,-,-,-,-,-,-,-,-,-4.4,0,4.2,6,3.5,2.9,4.08275,6.12889,0.04162,-3.4501,0.99136,-5.83828,-23.98342,1.33936,15,13.54437,7.27428,4.69115,2.18149,3.05462,4.206,13.66569,2.99,10.95,15.03,11.55,14.01,11.17,0.86,4.39838,3.47205,8.54211,4.95461,4.82256,0.94357,-2.58011,-0.14715,-1.31636,-0.70227,-5.63821,1.19921,3.0454
Benin,3.14128,-3.42641,4.73003,6.65076,5.29386,3.57586,1.0784,3.84234,2.8775,2.09776,-1.49684,6.42637,3.70617,3.33931,-4.89535,0.88436,4.98366,1.25508,6.53575,6.78176,9.95423,2.23507,-4.34782,7.92984,7.53032,2.17114,-1.5,3.40525,-2.85416,8.97613,4.2258,2.95771,5.83617,2.0204,6.0452,4.32428,5.73469,3.96101,5.34145,5.85771,5.33314,4.64303,3.44358,4.42968,1.71316,3.94374,5.98635,4.89658,2.31929,2.11406,2.96375,4.81122,7.19143,6.35768,1.77815,3.33967,5.67156,6.69726,6.86569,3.84879,7.15545,6.25324
Botswana,6.34328,6.66667,5.92105,6.8323,5.81396,6.34402,5.92456,10.56706,15.1234,17.12027,25.82111,26.36194,21.30318,8.7978,8.44625,10.64738,12.01204,14.3328,12.14859,11.9869,9.06486,12.16553,13.14673,8.54538,7.12527,8.17292,11.88193,19.44997,13.05941,6.77282,7.45871,2.91707,1.91611,3.62792,7.03041,5.8298,8.32589,0.44366,9.66724,1.9877,0.25057,6.06953,4.62589,2.70582,4.55665,8.36387,5.79256,3.25207,-14.14423,10.12221,6.83853,-0.1709,11.10282,5.69696,-4.85099,7.20182,4.11305,4.18985,3.03256,-8.72945,11.87036,5.78235
Burkina Faso,4.04393,6.1288,-1.26802,2.28282,3.76455,0.53761,8.82331,3.07077,2.02608,0.11702,1.41334,2.3115,0.44933,8.28643,2.99838,8.53489,0.37035,4.60782,3.66462,0.79688,4.2553,9.5622,0.34598,-1.7787,8.51736,7.95536,-0.23634,5.79559,2.15027,-0.60293,9.06998,0.23271,3.46138,1.31501,5.71637,11.01474,6.31683,7.30772,7.39524,1.88847,6.61341,4.35296,7.80249,4.47845,8.66187,6.25316,4.11138,5.79999,2.96195,8.44628,6.62256,6.45267,5.79258,4.32685,3.92123,5.95798,6.20349,6.60457,5.68812,1.93032,6.90634,1.4793
Burundi,-13.74614,9.06316,4.13541,6.27304,3.96723,4.61299,13.82152,-0.29788,-1.45954,21.32567,2.74683,-6.40396,6.88905,-0.72684,0.69792,7.94266,11.46945,-0.94058,1.66495,0.99106,12.16328,-1.0536,3.71533,0.15554,11.78318,3.25018,5.5031,5.03102,1.3495,3.49982,4.99684,1.01,-6.24,-3.83,-7.92,-8,-1.59,4.75,-1.01,-0.85686,2.05581,4.44652,-1.22373,4.83366,0.9,5.41381,3.45195,4.86172,3.81275,5.12416,4.0326,4.44671,4.92419,4.24065,-3.9,-0.6,0.5,1.60994,1.81257,0.32716,3.1,1.849
Cameroon,1.18368,3.04156,3.74255,3.54716,2.02605,4.61496,-10.91207,6.34632,4.90148,3.09207,3.47971,2.67384,5.35568,10.73426,11.24506,-5.49514,13.73987,22.003,6.03512,-1.96529,17.08268,7.5162,6.86683,7.47457,8.06316,6.77166,-2.14665,-7.82363,-1.81912,-6.1057,-3.8086,-3.1,-7.93207,1.87681,2.894,4.21507,4.52731,4.72553,4.5113,3.83242,4.32426,4.47703,5.45315,7.04886,2.22827,3.80958,4.32759,2.84768,2.57925,2.89902,3.37921,4.62598,4.99553,5.71982,5.66695,4.53579,3.54118,3.95551,3.47506,0.25993,3.64992,3.54098
Cabo Verde,-,-,-,-,-,-,-,-,-,-,-,-,-,-,-,-,-,-,-,-,8.45156,2.82503,9.52075,3.78327,8.64209,2.87146,4.30906,5.99685,5.69795,0.69217,1.40415,10.93765,8.70831,19.18264,14.21164,11.34652,11.11843,12.51729,11.22265,14.28487,2.23165,5.25089,4.17626,10.19707,6.91246,7.98375,15.17069,7.03901,-1.50359,1.83642,3.92472,1.08365,0.63214,0.69667,0.93603,4.28071,4.55131,3.70696,7.63608,-19.30282,6.81118,17.71418
Central African Republic,4.95355,-3.7138,-0.70701,2.08032,0.94758,0.64478,4.67661,1.40411,7.09154,2.33288,1.1302,-0.00087,1.88894,6.33903,0.40499,5.43252,3.80623,1.20924,-2.46514,-4.47864,-1.54447,7.71578,-8.12651,9.48173,3.92722,3.57798,-4.93899,1.71017,1.97727,-2.14753,-0.55254,-6.42408,0.33528,4.89995,7.20005,-4.00009,5.29994,4.70014,3.59997,-2.48943,4.46474,3.61654,-5.39749,5.99488,0.90821,4.77109,4.60753,2.05413,8.58726,4.63082,4.19462,5.05376,-36.39198,0.08107,4.33712,4.75032,4.52728,3.78944,3.1,0.9,0.9,0
Chad,1.39774,5.36012,-1.59945,-2.51094,0.60623,-1.80709,0.7672,-0.45722,6.88131,1.85966,-2.24763,1.14962,-8.38088,4.96185,9.01027,2.98077,2.23462,-0.46963,-21.44109,-6.04767,1.04292,5.34661,15.67872,2.0489,21.79277,-4.08167,-2.38881,15.48236,4.88474,-4.17847,8.53514,8.00144,-15.70984,10.13689,1.23655,2.21447,5.65339,6.95158,-0.68285,-0.87968,11.65813,8.49121,14.72167,33.62937,17.33253,0.64826,3.2715,3.05269,4.2177,13.5501,0.08287,8.88258,5.7,6.89999,2.76768,-6.25553,-2.9887,2.37404,3.24718,-1.60001,-1.19999,2.23598
Comoros,-,-,-,-,-,-,-,-,-,-,-,-,-,-,-,-,-,-,-,-,3.86493,6.38332,4.8214,4.1103,2.27996,1.86761,1.63778,2.68738,-3.18026,5.09124,-5.39564,8.53098,3.00606,-5.27678,3.61021,-1.29169,4.03015,1.28252,1.92441,10.84788,2.33291,2.32494,2.10387,1.91966,2.83755,2.64696,0.80004,3.96461,3.24074,3.77777,4.14351,3.16841,4.46625,2.10666,1.14735,3.32045,3.81576,3.64245,1.76078,-0.19556,2.1122,2.38768
Congo,8.35073,5.20231,-4.0293,3.8168,3.67647,1.35898,2.11627,7.63133,7.54853,6.35847,7.75304,8.61755,8.23119,7.88552,7.7316,0.91629,-8.95343,6.35975,9.81322,17.63661,17.61972,23.5977,5.85396,6.97613,-1.18566,-6.86153,0.18938,1.76626,2.59988,1,2.39537,2.61195,-0.97968,-5.49308,3.98532,4.29048,-0.62481,3.73755,-2.5822,7.57598,3.8026,4.58187,0.81326,3.47663,7.75576,7.98624,-6.61399,6.30638,11.63729,9.93127,2.20592,9.94715,-0.71243,6.71668,-3.55058,-10.78324,-4.38253,-4.80535,-0.08689,-6.23932,-2.2,1.54795
Democratic Republic of the Congo,-10.85138,21.2007,5.21399,-2.44022,0.99735,6.77549,-0.98574,4.3327,9.32884,-0.24506,6.00502,0.15114,8.13728,3.13059,-4.98163,-5.309,0.76079,-5.34529,0.43009,2.19491,2.35052,-0.45768,1.4117,5.54107,0.46785,4.71721,2.67564,0.47038,-1.26605,-6.56831,-8.42105,-10.50001,-13.46905,-3.9,0.7,-1.02317,-5.61705,-1.62415,-4.27014,-6.91093,-2.10017,2.94777,5.57782,6.73837,6.13515,5.32098,6.25948,6.22589,2.85506,7.10798,6.87467,7.0869,8.48196,9.47029,6.91617,2.3994,3.72695,5.82112,4.38453,1.73542,6.20015,8.92445
Cote d'Ivoire,9.93256,1.22699,14.49036,17.61309,-3.10965,11.57736,4.59815,12.54825,9.53922,10.37503,9.45664,4.23663,5.9392,4.32738,8.25289,12.9164,7.31446,10.90945,2.39441,-10.9577,3.5005,0.20082,-3.90024,-2.70126,4.50122,3.25935,-0.34897,1.13648,2.948,-1.09591,0.04093,-0.24456,-0.19249,0.81121,7.12574,7.72933,9.64884,4.26391,1.16686,-0.26579,-2.15401,-2.73053,-4.72587,3.18504,0.99607,2.81558,1.10143,4.78267,3.60332,6.84805,-5.37045,7.62041,10.76021,9.372,7.19495,7.17276,7.41076,4.84315,6.51829,1.73762,7,6.74133
Djibouti,-,-,-,-,-,-,-,-,-,-,-,-,-,-,-,-,-,-,-,-,-,-,-,-,-,-,-,-,-,-,-,-,-,-,-,-,-,-,-,-,-,-,-,-,-,-,-,-,-,-,-,-,-,7.06154,7.52611,7.12343,5.45809,4.77442,5.54513,1.20202,4.8,3
Egypt,5.16111,3.87562,10.51809,11.50758,4.91404,5.0464,0.80526,-1.60679,5.27952,5.59852,4.05735,3.05568,3.50683,1.55894,8.93915,13.27969,9.00304,8.62877,4.54769,10.01133,7.34855,9.90717,5.09441,9.74576,5.79151,4.74453,3.83275,5.46132,4.92087,5.66703,1.1254,4.47286,2.90079,3.97317,4.64246,4.98873,5.49235,5.5755,6.05344,6.37,3.53525,2.3902,3.19345,4.09207,4.47174,6.84384,7.08783,7.15628,4.6736,5.14723,1.76457,2.2262,2.18547,2.91591,4.37202,4.34664,4.18122,5.33111,5.55209,3.55016,3.29065,6.58785
Equatorial Guinea,-,-,-,-,-,-,-,-,-,-,-,-,-,-,-,-,-,-,-,-,5.76942,2.20168,5.00439,1.01138,12.90518,-2.33056,4.43674,2.65526,-1.22918,-1.75856,-1.02224,34.74532,11.03321,16.66884,17.48626,66.58,149.97296,23.77448,25.66402,18.21378,63.37988,19.46283,13.95525,37.99873,16.7487,7.70492,15.28211,17.79911,1.34336,-8.92418,6.52392,8.31287,-4.1332,0.41507,-9.11004,-8.81642,-5.66751,-6.23654,-5.48183,-4.24148,-0.94538,3.1458
Eritrea,-,-,-,-,-,-,-,-,-,-,-,-,-,-,-,-,-,-,-,-,-,-,-,-,-,-,-,-,-,-,-,-,13.45476,21.22141,2.85838,9.25884,7.90868,1.77258,0.01348,-3.14199,8.75544,3.00543,-2.65552,1.45174,2.57445,-0.96922,1.42682,-9.78303,3.8765,2.19419,8.6798,-,-,-,-,-,-,-,-,-,-,-
Ethiopia,-,-,-,-,-,-,-,-,-,-,-,-,-,-,-,-,-,-,-,-,-,0.91601,8.23501,-2.84802,-11.14435,9.66161,13.85933,0.50367,-0.36104,2.72645,-7.13748,-8.67248,13.14283,3.18996,6.12751,12.42617,3.13391,-3.45814,5.16215,6.07322,8.30131,1.51473,-2.16136,13.5726,11.81877,10.83473,11.45617,10.78852,8.80255,12.55054,11.1783,8.64781,10.58227,10.25749,10.39246,9.43348,9.56419,6.81615,8.36409,6.05953,5.64153,5.3171
Gabon,14.76684,7.44921,6.09244,4.55445,8.33334,4.508,4.11515,2.5088,8.08291,8.67934,10.25873,11.33697,10.18243,39.4871,19.19011,35.62534,-12.58209,-24.04921,0.47441,2.55294,5.09533,-3.09752,5.60824,7.5089,-2.33295,-0.8036,-17.14604,12.84535,8.54531,5.19224,6.1125,-3.09015,3.94656,3.71275,4.97385,3.62505,5.73837,3.47783,-8.93262,-1.88297,2.13523,-0.24903,2.24733,0.68954,2.6762,-2.80658,6.00811,-3.30843,0.13033,7.08989,7.09175,5.25108,5.6387,4.31496,3.8789,2.09144,0.47264,0.83792,3.92081,-1.83776,1.46796,3.03694
Gambia,-,-,-,-,-,-,0,9.57614,2.43552,6.15385,-0.06588,0.2417,9.25033,5.87879,12.39343,7.35123,3.43958,6.31645,-1.32818,6.27008,3.32189,-0.76458,10.88323,3.53526,-0.81226,4.09107,2.45433,4.47683,5.89572,3.55888,3.10704,3.37869,3.0121,0.15435,0.88185,2.22355,4.9,3.5,6.4,5.5,5.8,-3.25,6.87,7.05,-2.35173,-0.55558,3.04325,6.25591,6.66572,5.90834,-8.13044,5.24157,2.87277,-1.40738,4.05807,1.94336,4.82261,7.23489,6.22205,0.59149,4.26549,4.92373
Ghana,3.42967,4.10916,4.40597,2.20933,1.369,-4.25829,3.07536,0.36886,6.00617,9.72347,5.21612,-2.48766,2.88458,6.85252,-12.43163,-3.53018,2.27411,8.47594,-2.51494,0.4717,-3.50307,-6.92365,-4.56374,8.64757,5.09162,5.19916,4.7949,5.62817,5.08587,3.32882,5.28183,3.87942,4.85,3.3,4.11242,4.60246,4.19636,4.70039,4.4,3.7,4,4.5,5.2,5.6,5.9,6.39991,4.34682,9.1498,4.84449,7.89971,14.04712,9.29279,7.31253,2.85624,2.12076,3.37347,8.12889,6.20008,6.50777,0.51394,5.35648,3.23971
Guinea,-,-,-,-,-,-,-,-,-,-,-,-,-,-,-,-,-,-,-,-,-,-,-,-,-,-,3.29994,6.30812,4.00348,4.32406,2.61342,3.27095,5.04414,3.9701,4.60767,4.46158,5.1816,3.64412,3.812,2.50306,3.65835,5.16461,1.2486,2.34012,2.99727,1.1896,6.81747,4.13302,-1.12264,4.81336,5.61211,5.91529,3.94569,3.69655,3.82591,10.82063,10.30001,6.35849,5.61691,4.92027,3.9,4.7
Guinea-Bissau,-,-,-,-,-,-,-,-,-,-,-3.91097,6.37486,1.10989,4.55924,7.84558,4.94346,-7.17007,13.12604,1.99414,-15.95265,18.16753,4.20008,-3.39829,9.10922,4.16649,-0.79385,2.9,4.6,6.1,6.1,5.1,1.1,2.1,3.2,4.4,11.6,6.5,-28.09998,1.02554,5.42699,2.18891,-0.98518,0.56851,2.7614,4.2661,2.30936,3.26296,3.20357,3.36897,4.61097,8.08478,-1.71268,3.2559,0.96456,6.13408,6.26281,5.91918,1.28374,4.5,-2.4,3.8,3.50005
Kenya,-7.77463,9.45736,8.77834,4.96447,2.00909,14.72857,3.36123,7.98269,7.95922,-4.65545,22.17389,17.08243,5.89658,4.06562,0.8822,2.15396,9.4538,6.91249,7.61523,5.59198,3.77354,1.50648,1.30905,1.75522,4.30056,7.17756,5.93711,6.20318,4.69035,4.19205,1.43835,-0.79949,0.3532,2.63278,4.40622,4.14684,0.4749,3.29021,2.30539,0.5997,3.77991,0.54686,2.93248,5.1043,5.90667,6.47249,6.85073,0.23228,3.30694,8.05847,5.12111,4.56868,3.79785,5.02011,4.96772,4.21352,3.83796,5.64795,5.11416,-0.27277,7.59049,4.84663
Lesotho,1.8648,15.33181,10.61507,8.25112,2.15411,-0.40552,10.91206,-0.36712,1.54754,2.17707,5.11372,-0.20271,26.40488,10.98009,-13.5135,11.04913,21.80903,18.31687,2.89392,-2.74478,0.69464,4.4572,1.98617,5.5349,2.61025,4.68486,0.72973,8.60192,5.79524,6.04547,6.96661,6.95636,3.50977,5.97987,3.29094,5.59704,3.7036,1.53766,0.47603,3.87555,3.56158,0.72384,4.55978,1.69237,3.46612,4.23009,4.18791,5.52203,-1.25551,5.26628,4.61425,6.33482,1.79253,1.71054,3.12756,3.6054,-3.13817,-1.48063,-0.76423,-5.6194,1.55768,0.59192
Liberia,-,-,-,-,-,-,-,-,-,-,-,-,-,-,-,-,-,-,-,-,-,-,-,-,-,-,-,-,-,-,-,-,-,-,-,-,-,-,-,-,2.92027,3.76302,-30.14513,2.61985,5.28121,8.04391,9.53528,7.14569,5.30054,6.09983,8.20077,7.99381,8.68729,0.70139,-0.01856,-1.55496,2.45516,1.15758,-2.4673,-2.98249,4.98671,4.80811
Libya,-,-,-,-,-,-,-,-,-,-,-,-,-,-,-,-,-,-,-,-,-,-,-,-,-,-,-,-,-,-,-,-,-,-,-,-,-,-,-,3.67927,-1.76284,-0.9589,13.01604,4.46164,11.87076,6.50053,6.22998,-0.16205,-4.40018,5.02725,-50.33852,86.82675,-17.99796,-23.04281,-0.84266,-1.49094,32.4918,7.94137,-11.19569,-29.78715,31.37252,-1.23698
Madagascar,2.04863,2.27107,-0.9294,3.96252,-0.45225,2.06455,5.52857,6.82879,3.72122,5.27646,3.92937,-1.27262,-2.61848,2.00688,1.25869,-3.06886,2.364,-2.66181,9.85465,0.95271,-9.8,-1.9,0.9,1.76018,1.15634,1.96022,1.17491,3.40693,4.07488,3.12891,-6.30635,1.18088,2.09992,-0.0421,1.67859,2.1542,3.69349,3.91707,4.69923,4.45686,5.98024,-12.40797,9.78489,5.257,4.75585,5.39851,5.71056,6.71263,-3.97871,0.61924,1.57843,3.01115,2.30038,3.3392,3.1323,3.99315,3.93331,3.19436,4.41123,-7.13767,5.73962,3.7962
Malawi,7.6396,0.66836,-1.39108,2.6611,13.61649,13.24904,7.28155,-1.92308,5.88236,0.4793,16.21856,6.23135,2.30066,7.17596,6.08682,4.99773,4.91803,9.74507,4.39615,0.40675,-5.29012,2.50345,3.71871,5.3603,4.57098,-0.2148,1.62524,3.17729,1.34469,5.69229,8.73023,-7.33298,9.69184,-10.24018,16.72882,7.31668,3.79242,3.89525,3.04228,1.57608,-4.97496,1.7,5.70564,5.4205,3.26873,4.7,9.6,7.63974,8.32811,6.87407,4.93267,1.9,5.41035,5.62527,2.8,2.5,4,4.39169,5.44818,0.8,2.7514,0.92344
Mali,-,-,-,-,-,-,-,3.70841,0.231,6.13695,2.569,5.84402,-1.45512,-1.52883,11.62505,13.62344,6.34865,-1.46348,10.39568,-4.32584,1.5088,-7.37843,1.82087,-0.28701,20.28663,2.69262,-0.13916,7.38972,4.17739,-2.5024,11.7452,-3.21866,3.17217,3.77993,0.92102,7.05579,4.82902,7.57167,5.70094,-0.06083,15.37624,3.10631,9.11904,1.56,6.53478,4.66219,3.49362,4.77315,4.80632,5.31394,3.21313,-0.83673,2.29507,7.08468,6.1718,5.8523,5.30546,4.74648,4.75616,-1.23545,3.05261,3.68748
Mauritania,-,0.72661,-1.98377,27.69089,16.13833,0.23096,3.56713,10.19644,1.24853,11.98593,1.84289,-0.73291,-4.58476,12.16261,-5.13437,8.5461,-1.87859,-0.50471,4.79004,3.37121,3.45029,-2.33992,3.73534,-3.22686,2.99476,5.71358,1.90038,1.7204,4.77759,-1.7713,1.78809,1.87413,5.87364,-3.06073,9.8198,5.81883,-4.0447,2.7778,3.67318,-3.91803,-0.79949,1.38148,6.92827,4.73276,8.56629,18.3332,-1.96942,-0.33108,0.09788,2.62023,4.17278,4.47001,4.15081,4.27482,5.37634,1.26091,6.27055,4.77217,5.29664,-0.93852,2.44537,5.2
Mauritius,-,-,-,-,-,-,-,-,-,-,-,-,-,-,-,-,6.54762,3.83081,3.51653,-10.06126,5.88235,5.49708,0.3838,4.69839,6.95448,9.74203,8.89104,6.79135,4.46515,7.18674,4.43545,6.5127,5.08206,4.13614,4.28774,5.58784,5.68748,6.07194,2.61093,8.20279,3.34754,1.61492,5.92545,4.33002,1.77754,4.86554,5.72702,5.38696,3.31508,4.3772,4.07754,3.49612,3.36041,3.82697,3.69056,3.86247,3.93798,4.00674,2.89128,-14.5974,3.39938,8.69074
Morocco,-,-,-,-,-,-,10.02884,9.89174,8.36217,4.71346,5.59689,2.43724,3.55931,5.59605,7.55822,10.81278,6.05917,2.23266,4.79379,3.64216,-1.74343,8.95737,1.38657,6.41839,6.00765,9.27111,-0.325,11.87524,2.8462,3.41181,7.21609,-2.09774,-0.74059,10.588,-5.40545,12.37288,-1.5607,7.23855,1.69706,2.58218,7.72183,3.7302,6.1711,4.57138,3.19225,7.79082,3.44107,5.68454,3.74577,3.49956,5.52465,3.06234,4.12221,2.71924,4.34458,0.52119,5.0579,3.06564,2.89097,-7.18708,7.92967,1.07997
Mozambique,-,-,-,-,-,-,-,-,-,-,-,-,-,-,-,-,-,-,-,-,5,-6.9,-15.7,-6.5,1,-2.3,14.7,8.2,6.5,0.99999,4.92545,-6.12472,10.59853,6.5334,2.25976,11.20252,11.30107,9.93125,11.69852,1.1803,12.08687,9.29105,6.87853,7.91641,6.64591,9.69437,7.72975,7.31776,6.3182,6.50235,7.41738,7.25844,6.96361,7.39851,6.72328,3.82421,3.74132,3.44381,2.31444,-1.19855,2.32752,4.14841
Namibia,-,-,-,-,-,-,-,-,-,-,-,-,-,-,-,-,-,-,-,-,0.97145,-0.39809,-1.82345,-0.23689,0.46417,4.76727,3.55377,0.81315,1.85867,2.04746,8.16561,7.18934,-1.57954,1.72988,3.89901,3.19132,4.2201,3.29159,3.36928,3.49218,1.17795,4.78866,4.23979,12.26955,2.52926,7.07318,5.37404,2.64981,0.29597,6.03925,5.09134,5.06168,5.61472,6.09252,4.26417,0.03379,-1.02725,1.05994,-0.83915,-8.1014,3.52466,4.56029
Niger,4.54639,10.27871,9.42823,0.13104,6.91976,-0.3825,0.12287,0.38349,-5.48595,3.05578,5.67932,-5.16627,-17.04758,8.77524,-2.79319,0.6782,7.76458,13.47261,7.147,-2.45504,-0.17767,2.17446,-3.86363,-16.81984,7.71813,6.35214,0.08828,6.87115,0.95705,-1.30848,-0.43949,2.00075,0.32166,1.85478,2.45724,0.10053,1.52748,9.97261,-0.21956,-1.20848,7.26813,4.91847,2.17061,0.3638,7.33187,5.93105,3.14272,7.73141,1.9626,8.57817,2.35776,10.54894,5.31513,6.64214,4.39265,5.74089,5.00136,7.2108,5.9414,3.55023,1.38713,11.5
Nigeria,0.1918,4.10299,8.57862,4.95049,4.88498,-4.25051,-15.74363,-1.24836,24.19738,25.00724,14.23753,3.36426,5.39276,11.16067,-5.22775,9.04235,6.02412,-5.76416,6.75943,4.20483,-13.12788,-6.80339,-10.92409,-1.11562,5.91303,0.06095,3.20013,7.33403,1.91938,11.77689,0.35835,4.63119,-2.03512,-1.81492,-0.07266,4.19592,2.9371,2.58125,0.58413,5.01593,5.91768,15.32916,7.34719,9.25056,6.43852,6.05943,6.59113,6.76447,8.03693,8.00566,5.30792,4.23006,6.67134,6.30972,2.65269,-1.61687,0.80589,1.92276,2.20843,-1.79425,3.64719,3.25168
Rwanda,-4.29753,11.3338,-9.82044,-12.46499,7.00953,7.00891,6.91602,7.01378,11.00737,6.00143,1.20664,0.26307,3.43809,1.40982,-2.11383,19.50458,1.99411,9.15084,11.86991,8.95161,5.4362,1.81085,5.98035,-4.24077,4.40275,5.47214,-0.02404,4.49882,-0.03653,-2.39929,-2.51438,5.87273,-8.10869,-50.24807,35.22408,12.7457,13.84975,8.85867,4.35189,8.37092,8.48454,13.19207,2.2024,7.44769,9.3779,9.22707,7.63328,11.16126,6.24826,7.33465,7.95838,8.64152,4.71986,6.16716,8.85685,5.97076,3.93661,8.53984,9.46403,-3.37399,10.87673,8.15749
Sao Tome and Principe,-,-,-,-,-,-,-,-,-,-,-,-,-,-,-,-,-,-,-,-,-,-,-,-,-,-,-,-,-,-,-,-,-,-,-,-,-,-,-,-,-,3.36019,8.29152,3.53791,6.61462,8.86611,3.64147,6.22879,2.42628,6.67198,4.3982,3.14198,4.81479,6.54993,3.91134,4.16477,3.84898,2.94527,2.21086,3.02457,1.87792,0.92714
Senegal,2.99345,-0.13624,1.86448,3.88393,1.33219,2.87676,-1.21979,6.29077,-6.55414,8.56205,-0.14045,6.38321,-5.58324,4.20078,7.53566,8.9205,-2.68291,-3.95393,7.00169,3.98776,5.18023,8.01038,-5.64746,3.93584,3.46308,3.12699,6.25586,-0.81658,3.97378,-0.74628,2.65996,1.32023,1.36021,-0.04752,5.46858,2.01998,3.0456,5.89848,6.28331,3.88721,4.31085,0.0687,5.59395,4.64329,4.31024,2.33077,2.82712,3.70317,2.7521,3.39089,1.33409,4.003,2.41239,6.22407,6.36704,6.35607,7.40749,6.20924,4.61363,1.34207,6.53967,4.15386
Seychelles,-4.88228,8.40858,10.1356,5.91925,-1.06057,13.89651,0.50474,7.55324,0,8.87187,15.85178,6.30831,9.05419,1.30285,3.17741,16.27765,-6.19023,21.15169,15.79434,-5.10068,-3.87678,-2.07107,-0.61624,4.30562,10.29374,0.76195,4.87455,5.32641,10.28565,7.45477,2.76043,7.17304,7.30337,-2.43657,0.48504,9.99795,12.19364,2.46744,1.87201,4.2532,-2.27116,1.21283,-5.88713,-2.85045,9.00576,9.40613,8.87607,-2.72595,-2.47938,4.50513,9.50978,3.11068,1.25373,4.06369,4.19459,5.10483,2.78394,3.70943,4.87695,-8.64921,5.4,8.8
Sierra Leone,1.80904,4.54097,1.69972,6.68524,7.18016,1.7,0.03628,2.01992,8.52545,8.62049,3.46592,0.90023,2.25662,3.49983,1.66922,-0.44918,0.04668,2.40633,4.51127,4.8435,2.88143,4.78176,-2.1028,4.09303,-5.31134,1.23605,7.23127,-7.08,0.73,3.35,2.35196,-19.01291,1.37455,-1.94739,-7.99975,1.75382,-5.87708,1.78501,-1.97929,6.65273,-6.34546,26.52413,9.48363,6.47885,4.3535,4.28311,7.97657,5.43589,3.20943,6.63749,6.00983,15.20175,21.07901,4.55925,-20.49107,6.34673,3.7538,3.4729,5.25375,-1.96849,4.1047,3.50074
Somalia,-3.26198,7.07666,2.8088,-6.11062,-5.94368,9.09865,5.94094,2.02998,-1.69957,4.58141,2.62902,10.10085,-1.9513,-18.26638,30.0737,-1.01672,23.30749,3.72749,-2.70847,-3.90139,5.6627,4.07229,-8.75367,3.55495,8.15244,3.35276,5.0969,-0.55327,-0.17591,-1.48408,-,-,-,-,-,-,-,-,-,-,-,-,-,-,-,-,-,-,-,-,-,-,-,7.7942,15.04994,8.53229,2.34958,7.53097,7.45652,2.48937,4.04911,4.79878
South Africa,3.84473,6.17793,7.37371,7.93961,6.1228,4.43839,7.19652,4.15337,4.7159,5.24866,4.27893,1.65483,4.57194,6.11112,1.69543,2.24986,-0.09398,3.01448,3.79052,6.62058,5.36079,-0.38342,-1.84656,5.09915,-1.21154,0.01785,2.10073,4.20011,2.3948,-0.31776,-1.01824,-2.13703,1.23356,3.2,3.1,4.3,2.6,0.5,2.4,4.2,2.7,3.70037,2.94908,4.55456,5.27705,5.60381,5.36047,3.19104,-1.53809,3.03973,3.16856,2.39623,2.48547,1.41383,1.32186,0.66455,1.15795,1.52233,0.30345,-6.34247,4.9131,2.0423
South Sudan,-,-,-,-,-,-,-,-,-,-,-,-,-,-,-,-,-,-,-,-,-,-,-,-,-,-,-,-,-,-,-,-,-,-,-,-,-,-,-,-,-,-,-,-,-,-,-,-,5.04164,5.49342,-4.64032,-46.08212,13.12973,3.37365,-10.79336,-,-,-,-,-,-,-
Sudan,0.02239,6.91584,-2.84697,-1.12045,6.77707,-3.57515,1.42408,1.96322,1.38935,5.92507,2.24731,-5.07099,0.6322,11.44529,15.71347,16.66522,6.22385,-5.93099,-5.0186,1.52431,7.43756,5.95867,2.0625,-5.00891,-6.28104,5.41381,14.22088,-0.33109,8.93139,-5.47005,7.51091,6.57786,4.56875,1.00623,5.99709,5.91912,18.31266,4.3085,3.1041,6.34587,6.50036,6.00647,6.28881,5.14089,5.64352,6.53141,5.73527,3.84674,-2.7677,3.85824,-3.21353,-17.00469,1.95514,4.66138,1.91018,3.46764,0.70926,-2.68093,-2.17825,-3.6298,-1.86852,-0.95341
Eswatini,-,-,-,-,-,-,-,-,-,-,13.74363,5.42429,9.01867,5.74349,13.90844,-2.11944,1.00959,1.32713,3.10695,12.44905,14.64144,1.17257,1.20235,6.16176,3.79242,12.26448,14.60659,6.56982,12.9111,21.018,1.76038,3.22621,3.10611,2.40069,4.82565,3.84205,3.10281,2.60404,2.95088,1.76017,1.05476,4.3801,3.88021,3.62391,5.99878,5.99217,4.43538,0.82166,1.56505,3.79375,2.24723,5.39663,3.86121,0.92323,2.22748,1.06261,2.02658,2.3801,2.69217,-1.55964,7.88331,3.91454
Tanzania,-,-,-,-,-,-,-,-,-,-,-,-,-,-,-,-,-,-,-,-,-,-,-,-,-,-,-,-,3.76444,7.04507,2.07199,0.58432,1.2058,1.56766,3.56991,4.54437,3.52528,3.70851,4.86386,4.52078,6.07081,7.09319,6.67279,7.50381,7.47632,6.53222,6.76854,5.68642,5.26911,6.33652,7.67216,4.50015,6.78159,6.73246,6.16063,6.86712,6.77291,5.45758,5.8,1.99196,4.32138,4.55803
Togo,12.16932,3.77365,4.99969,14.28601,15.45971,9.40872,5.50037,5.02369,10.83087,2.5243,0,7.62516,3.83748,4.83285,2.44054,-2.05152,6.95909,11.04543,-5.16774,14.57696,-3.31519,-3.5824,-5.41401,5.55556,5.55555,1.5865,0.51016,6.64237,4.06002,-0.24366,-0.69997,-3.98069,-15.09583,14.98241,7.84583,8.83621,14.37738,-2.29988,2.48175,-0.78348,0.82344,3.82662,6.72017,-0.97867,-4.6663,2.65013,-1.17512,4.06225,5.53791,6.09926,6.3982,6.54351,6.11234,5.92059,5.74287,5.55908,4.34775,5.13847,4.92293,1.97574,5.99157,5.81054
Tunisia,-,-,-,-,-,3.45487,0.16195,10.40973,4.74782,4.66963,10.5602,17.74272,-0.65464,8.07478,7.1561,7.87685,3.4111,6.44047,6.56752,7.41874,5.51407,-0.49374,4.68192,5.74884,5.64857,-1.44699,6.70137,0.07216,1.7467,7.94982,3.90455,7.80573,2.18983,3.17841,2.35167,7.14608,5.44094,4.78376,6.05463,4.70997,3.79627,1.32256,4.7024,6.23579,3.48655,5.2441,6.70952,4.23778,3.04345,2.97113,-2.04663,4.21668,2.42993,3.09033,0.9677,1.11743,2.23784,2.62483,1.58801,-8.81788,4.40536,2.52176
Uganda,-,-,-,-,-,-,-,-,-,-,-,-,-,-,-,-,-,-,-,-,-,-,5.74456,-0.34468,-3.30638,0.39009,3.9619,8.26707,6.36194,6.47414,5.5541,3.41836,8.32629,6.40364,11.52324,9.07211,5.1,4.90527,8.05395,3.14191,5.18366,8.73269,6.47326,6.80723,6.33257,10.78474,8.41243,8.70875,6.80152,5.63761,9.39166,3.83746,3.58691,5.10631,5.18786,4.781,3.13141,6.30392,6.43875,2.95131,3.53658,4.65013
Zambia,1.36138,-2.49084,3.27239,12.21405,16.64746,-5.57031,7.9197,1.24833,-0.43692,4.79711,-0.08604,9.20887,-0.96205,6.42816,-2.26933,6.22098,-4.56424,0.55376,-3.02393,3.03562,6.16796,-2.81278,-1.96669,-0.33683,1.61531,0.72389,2.67566,6.28075,-1.0235,-0.48107,-0.03613,-1.73092,6.79727,-8.62544,2.89767,6.21855,3.81401,-0.38575,4.65019,3.89732,5.31687,4.50601,6.94497,7.0324,7.2356,7.90369,8.35244,7.7739,9.22035,10.29822,5.5646,7.59759,5.05723,4.69799,2.92038,3.77668,3.50434,4.03449,1.44131,-2.78506,4.59873,4.74494
Zimbabwe,6.31616,1.43447,6.24434,-1.10617,4.91057,1.52313,8.36701,1.97013,12.42824,22.56515,8.91759,8.32977,2.60471,6.62515,-1.93122,0.46484,-6.8607,-2.70692,3.29704,14.42068,12.52542,2.6343,1.58531,-1.90736,6.94439,2.09903,1.15074,7.55237,5.19977,6.98855,5.53178,-9.01557,1.05146,9.2352,0.15803,10.3607,2.68059,2.88521,-0.81782,-3.05919,1.43962,-8.89402,-16.99507,-5.80754,-5.71108,-3.4615,-3.65333,-17.66895,12.01956,21.45206,14.62021,15.74488,3.19673,1.48454,2.02365,0.90096,4.08026,5.00987,-6.33245,-7.81695,8.46802,3.4
Oceania,,,,,,,,,,,,,,,,,,,,,,,,,,,,,,,,,,,,,,,,,,,,,,,,,,,,,,,,,,,,,,
American Samoa,-,-,-,-,-,-,-,-,-,-,-,-,-,-,-,-,-,-,-,-,-,-,-,-,-,-,-,-,-,-,-,-,-,-,-,-,-,-,-,-,-,-,0.96552,0.40984,-0.40816,-4.09836,1.85185,-2.65734,-4.16667,0.29985,0,-4.33483,-2.5,1.76282,3.14961,-1.67939,-6.98758,2.67112,-0.4878,5.06536,-1.86625,-
Australia,2.48266,1.29461,6.21611,6.98006,5.98044,2.37904,6.30495,5.09403,7.04558,7.17592,4.00093,3.91028,2.61938,4.10697,1.33631,2.58877,3.59483,0.89315,4.05003,3.03559,3.33949,3.32485,-2.22454,4.59174,5.27824,3.96627,2.55926,5.75734,3.87543,3.57649,-0.38307,0.42862,4.04743,3.98092,3.88711,3.85684,3.91284,4.61336,4.95632,3.90117,2.04142,3.99359,3.1114,4.21663,3.15375,2.74064,3.77792,3.56827,1.87049,2.20657,2.39139,3.90201,2.57875,2.57902,2.15274,2.73055,2.28218,2.88305,2.1714,-0.05089,2.23621,3.61759
Fiji,3.51758,3.6061,6.35877,4.87728,-2.70027,0,13.35183,7.91622,2.59641,12.70271,6.88899,7.48528,11.61287,2.60115,0.53021,2.73616,5.90401,1.8634,12.22482,-1.60346,6.32999,-5.97849,-3.96012,8.39302,-4.61347,7.74991,-6.61502,0.95575,7.43863,5.8,-2.7,6.1,2.13003,5.1,2.5,4.8,-2.2,1.3,8.8,-1.7,2,3.2,1,5.3,0.7,1.85248,-0.85065,1.03279,-1.38604,2.95467,2.70514,1.41131,4.73422,5.60351,4.5012,2.44565,5.35336,3.81235,-0.58195,-17.00023,-5.11161,16.12485
French Polynesia,-,-,-,-,-,9.57658,-4.73917,14.9308,-2.68594,1.62671,12.00241,-4.69508,7.80256,18.00105,-4.9027,8.20362,2.07899,9.89256,3.92592,0.4849,2.64602,1.69859,2.41966,2.36029,-1.17079,13.54779,1.26983,-3.59863,2.15788,0.12988,3.65553,-1.45739,-1.29768,-1.66633,-0.38897,-0.66854,-0.12281,1.73337,1.89053,3.24541,-0.3416,0.84618,2.12693,0.97126,0.30997,0.88958,1.70498,0.00677,-4.23139,-2.46606,-2.96196,-0.92754,0.3988,0.59355,1.80334,2.3022,4.29263,1.73709,2.69042,-6.99999,2.39999,-
Guam,-,-,-,-,-,-,-,-,-,-,-,-,-,-,-,-,-,-,-,-,-,-,-,-,-,-,-,-,-,-,-,-,-,-,-,-,-,-,-,-,-,-,0.87931,6.49379,3.64232,-3.65252,0.71721,2.03459,0.43868,2.26325,0.07765,2.13385,1.69041,1.79305,0.82569,0.18198,0.8901,-0.79222,2.59528,-11.39218,1.0581,-
Kiribati,-,-,-,-,-,-,-,-,-,-,-2.29006,12.07923,20.90988,45.30275,5.34442,-26.76823,-4.61263,1.05959,-11.58499,-16.50773,0,0.89286,-2.65487,1.81818,-4.46429,0.93458,0.92593,9.17431,-3.36134,-0.86957,0,0.87719,0.86957,1.72414,0,1.69492,1.66667,6.55738,-1.53846,6.25,-1.47059,3.78746,2.00632,-1.62936,4.95163,-0.0493,2.03495,-2.09144,0.80282,-1.12026,1.76258,5.13614,4.16157,-1.09629,9.86517,-0.4782,0.18603,5.11364,-2.16216,-1.65746,7.86517,1.5625
Marshall Islands,-,-,-,-,-,-,-,-,-,-,-,-,-,-,-,-,-,-,-,-,-,4.83123,15.508,3.86603,-6.25729,24.5425,9.36375,7.78905,-1.69161,2.67625,0.08783,7.14086,6.00624,5.87773,8.21325,-10.30295,-6.44566,-0.81939,-1.25514,1.35408,6.82609,3.74145,-1.61588,1.32748,1.77301,0.2025,3.39202,-7.64642,3.67332,5.42162,-0.30724,-1.29271,3.67968,-1.11993,2.11111,2.0161,3.41042,4.19402,10.83921,-1.8416,1.1148,1.5
Micronesia,-,-,-,-,-,-,-,-,-,-,-,-,-,-,-,-,-,-,-,-,-,-,-,-,-,-,1.19976,2.5489,3.52601,3.74093,7.42734,4.00802,8.14066,-0.53452,7.01446,-3.18237,-6.06094,2.85052,1.37444,4.8339,2.1676,0.547,1.57212,-3.08015,2.04187,-0.08106,-1.83619,-2.40849,1.0931,2.25939,3.18857,-1.86682,-3.67977,-2.30578,4.62188,0.90018,2.68219,0.21165,1.1748,-1.76542,-3.18819,-0.61957
Nauru,-,-,-,-,-,-,-,-,-,-,-,-,-,-,-,-,-,-,-,-,-,-,-,-,-,-,-,-,-,-,-,-,-,-,-,-,-,-,-,-,-,-,-,-,-7.84314,-8.51064,-6.97674,65,-6.06061,-1.6129,9.83607,31.34328,4.54545,15.21739,-5.66038,8,-6.48148,7.92079,8.25688,4.23729,3.25203,2.3622
New Caledonia,-,-,-,-,-,-3.84858,5.40079,14.26255,15.71631,30.99929,6.99922,3.3985,-11.19931,12.70112,6.49947,2.3,1.89982,9.80001,-13.60001,-0.39999,-7,2.39999,-2,1.8,4.5,-1,5.7,34.6,11,3.6,4.90003,0.51999,0.52979,2.59019,5.94003,0.44988,2.00715,-3.20028,0.90017,2.10011,-,-,-,-,-,-,-,-,-,-,-,-,-,-,-,-,-,4,-1.4,-2.4,-2.1,-
New Zealand,-,-,-,-,-,-,-,-,-,-,-,-,-,-,-,-,-,0.31856,2.19177,1.28425,4.65565,0.92968,3.49152,4.7927,1.61533,2.70564,0.97084,-0.35368,0.16141,0.15314,-1.09079,1.09383,6.39153,5.11925,4.72208,3.61567,2.0792,0.85909,5.37536,2.87134,3.41088,4.71396,4.72848,4.08896,3.35332,2.79846,3.06512,-1.21071,-0.11207,1.46675,2.22158,2.27303,2.76492,3.81084,3.73643,3.80176,3.52441,3.52518,2.44598,-0.65392,5.16785,2.15698
Northern Mariana Islands,-,-,-,-,-,-,-,-,-,-,-,-,-,-,-,-,-,-,-,-,-,-,-,-,-,-,-,-,-,-,-,-,-,-,-,-,-,-,-,-,-,-,0.34317,-3.07798,-12.70289,-6.87146,-6.68403,-11.06977,-17.57322,1.39594,-7.38423,0.81081,2.68097,4.17755,3.38346,29.21212,23.17073,-19.26885,-11.32075,-29.68085,-,-
Palau,-,-,-,-,-,-,-,-,-,-,-,-,-,-,-,-,-,-,-,-,-,-,-,-,-,-,-,-,-,-,-,-,-,-,-,-,-,-,-,-,6.44011,3.57939,-3.26338,4.85603,3.95986,-0.40564,2.02114,-5.78191,-6.59047,0.21609,6.68367,1.6726,-3.38731,6.29387,7.53906,-0.08337,-4.07881,0.10811,0.39597,-9.10721,-13.33333,-
Papua New Guinea,6.18111,6.3741,4.07252,8.57028,10.26852,5.81376,4.07046,4.35959,8.27346,10.84281,6.29519,5.64355,6.52926,2.61053,-0.87988,-3.38845,0.83482,8.54986,1.8324,-2.30345,-0.27483,0.35294,3.22316,-0.35473,4.00019,4.69306,2.77049,2.90924,-1.41958,-3.01217,9.5469,13.84909,18.20229,5.94211,-3.31245,7.7337,-3.90439,-3.76911,1.85555,-2.49484,-0.12129,-0.1589,2.1641,2.72118,6.3448,5.40994,7.81519,-0.29646,6.80042,10.12845,1.10754,4.65712,3.82495,13.54377,6.57836,5.48957,3.53461,-0.27925,4.48043,-3.16738,0.1,4.6
Samoa,-,-,-,-,-,-,-,-,-,-,-,-,-,-,-,-,-,-,-,-,-,-,0.43104,1.28756,3.9195,5.50458,0.4831,-1.4423,3.70731,-4.42145,-2.30001,-0.19999,4.09999,-2.5421,6.67364,7.17897,0.64343,2.19489,2.18543,5.09304,7.39013,5.65196,5.21263,3.08726,6.6392,2.13213,0.48598,3.5561,-0.54168,6.12472,3.84908,-3.73213,0.10729,0.65992,3.85036,7.98386,1.40628,-0.60965,4.45186,-3.10844,-7.08459,-6.02201
Solomon Islands,-,-,-,-,-,-,-,-,-,-,-,-,-,-,-,-,-,-,-,-,-1.79702,-1.66957,3.89059,0.1702,-3.13232,-0.20143,8.42131,1.2502,4.26426,2.2,6,12.7,4,8.1,10.08862,1.60991,-0.91408,1.29151,-0.48573,-14.277,-7.95661,-2.79998,6.52347,7.6833,7.35784,4.13828,3.63967,6.22597,2.86427,9.70839,7.42995,2.47188,5.2317,1.18922,1.67615,5.55473,3.07535,2.746,1.74951,-3.38112,-0.56974,-4.06244
Tonga,-,-,-,-,-,-,-,-,-,-,-,-,-,-,-,-,-,-,-,-,-,4.74127,1.9824,1.73839,6.55846,2.11866,2.98564,-1.88187,0.38991,-2.04409,6.41495,0.25198,3.73806,4.95252,7.37854,1.80553,1.22345,2.45876,3.71088,0.87599,3.74893,4.84801,2.30805,-2.4107,0.08103,-0.14864,0.2711,4.75017,-5.19911,0.80349,6.81828,0.8231,0.31231,2.0187,1.17189,6.571,3.32243,0.24123,0.70648,0.48865,-2.66751,-
Tuvalu,-,-,-,-,-,-,-,-,-,-,-,-,-,-,-,-,-,-,-,-,-,-,-,-,-,-,-,-,-,-,3.60918,2.78879,4.11082,10.28338,-5.00445,-5.96137,10.0033,15.50117,-1.56387,-0.97049,0,9.52381,-4.34783,-2.27273,-4.65116,2.43902,7.14286,6.66667,-6.25,-2.22222,6.81818,-2.12766,4.34783,0,10.41667,5.66038,2.44848,1.38725,13.82198,-4.27483,1.80406,0.67733
Vanuatu,-,-,-,-,-,-,-,-,-,-,-,-,-,-,-,-,-,-,-,-11.39981,4.37796,1.97988,3.00963,9.57499,1.00162,-0.15046,-2.89393,-1.69288,1.53189,11.6957,3.14764,2.58541,0.73545,9.08147,1.00395,2.32734,4.90681,1.17685,0.33729,5.92481,-3.39758,-5.19832,4.28834,3.98739,5.30533,8.4607,2.87589,5.60099,3.0373,1.25887,3.1398,1.01005,0.46339,3.13687,0.36652,4.68876,6.31731,2.90023,3.24119,-4.99249,0.64865,1.84897
