Country Name,1960,1961,1962,1963,1964,1965,1966,1967,1968,1969,1970,1971,1972,1973,1974,1975,1976,1977,1978,1979,1980,1981,1982,1983,1984,1985,1986,1987,1988,1989,1990,1991,1992,1993,1994,1995,1996,1997,1998,1999,2000,2001,2002,2003,2004,2005,2006,2007,2008,2009,2010,2011,2012,2013,2014,2015,2016,2017,2018,2019,2020,2021,2022
world,4.695,4.574,5.03,5.317,5.133,5.081,4.963,4.856,4.963,4.867,4.828,4.682,4.547,4.421,4.265,4.084,3.977,3.852,3.79,3.776,3.75,3.716,3.713,3.578,3.552,3.515,3.505,3.48,3.391,3.346,3.308,3.127,3.041,2.976,2.926,2.878,2.833,2.794,2.758,2.73,2.734,2.7,2.672,2.647,2.636,2.619,2.612,2.612,2.613,2.605,2.587,2.573,2.59,2.56,2.553,2.524,2.526,2.504,2.443,2.406,2.349,2.321,2.314
South Korea,5.949,5.81,5.624,5.407,5.188,4.995,4.81,4.634,4.489,4.47,4.414,4.253,4.069,3.886,3.677,3.406,3.179,2.999,2.781,2.74,2.716,2.631,2.438,2.172,1.927,1.75,1.658,1.595,1.57,1.576,1.602,1.669,1.698,1.67,1.653,1.628,1.584,1.546,1.491,1.445,1.415,1.301,1.195,1.169,1.136,1.096,1.127,1.193,1.177,1.165,1.217,1.249,1.262,1.214,1.204,1.203,1.147,1.051,0.97,0.914,0.887,0.88,0.874
Afghanistan,7.282,7.284,7.292,7.302,7.304,7.305,7.32,7.339,7.363,7.389,7.4,7.432,7.453,7.487,7.526,7.542,7.561,7.591,7.599,7.612,7.588,7.568,7.553,7.537,7.513,7.517,7.519,7.526,7.531,7.533,7.565,7.606,7.665,7.719,7.717,7.712,7.709,7.667,7.642,7.599,7.534,7.446,7.339,7.22,7.069,6.905,6.722,6.53,6.376,6.235,6.099,5.958,5.83,5.696,5.56,5.405,5.262,5.129,5.002,4.87,4.75,4.643,4.523
Armenia,4.786,4.67,4.521,4.345,4.15,3.988,3.829,3.731,3.622,3.488,3.402,3.357,3.27,3.155,3.051,2.957,2.851,2.76,2.656,2.557,2.505,2.499,2.503,2.572,2.629,2.649,2.649,2.66,2.68,2.706,2.713,2.645,2.508,2.315,2.167,2.055,1.97,1.892,1.791,1.709,1.603,1.544,1.525,1.534,1.541,1.54,1.349,1.418,1.441,1.551,1.501,1.5,1.6,1.6,1.703,1.602,1.626,1.562,1.572,1.575,1.575,1.575,1.575
Azerbaijan,5.878,5.937,5.961,5.945,5.888,5.792,5.663,5.377,5.222,5.065,4.913,4.769,4.615,4.451,4.33,4.176,4.018,3.869,3.73,3.605,3.497,3.41,3.343,3.293,3.259,3.213,3.156,3.182,3.146,3.056,2.994,2.958,2.886,2.788,2.683,2.533,2.385,2.247,2.127,2.046,1.974,1.907,1.871,1.883,1.924,1.937,1.975,2.016,2.057,2.08,2.086,2.129,2.158,2.165,2.156,2.102,2,1.752,1.732,1.835,1.684,1.664,1.66
Bahrain,7.152,7.123,7.096,7.068,7.061,6.996,6.922,6.828,6.703,6.562,6.427,6.284,6.128,5.961,5.785,5.624,5.464,5.306,5.151,4.971,4.801,4.643,4.537,4.44,4.323,4.278,4.22,4.089,3.965,3.897,3.758,3.593,3.519,3.415,3.263,3.127,3.007,2.936,2.889,2.869,2.778,2.664,2.69,2.727,2.71,2.619,2.455,2.289,2.172,2.087,2.053,2.093,2.161,2.164,2.158,2.131,2.073,2.006,1.93,1.857,1.832,1.811,1.797
Bangladesh,6.784,6.831,6.865,6.841,6.837,6.83,6.824,6.854,6.85,6.863,6.882,6.865,6.845,6.819,6.794,6.737,6.674,6.593,6.516,6.424,6.323,6.239,6.116,5.891,5.727,5.541,5.3,5.073,4.844,4.676,4.479,4.24,4.026,3.852,3.774,3.605,3.504,3.491,3.393,3.304,3.218,3.146,3.084,3.002,2.914,2.808,2.712,2.626,2.535,2.44,2.34,2.262,2.209,2.184,2.152,2.114,2.097,2.043,2.04,2.031,2.003,1.981,1.95
Bhutan,6.704,6.698,6.692,6.687,6.682,6.679,6.674,6.669,6.664,6.658,6.65,6.643,6.639,6.633,6.618,6.62,6.616,6.605,6.584,6.553,6.511,6.46,6.402,6.336,6.262,6.176,6.103,5.999,5.88,5.757,5.604,5.451,5.267,5.072,4.866,4.624,4.369,4.088,3.853,3.607,3.414,3.232,3.078,2.916,2.893,2.798,2.669,2.59,2.496,2.381,2.296,2.21,2.138,2.087,2.027,1.957,1.835,1.704,1.569,1.46,1.433,1.413,1.398
Brunei,6.836,6.771,6.683,6.572,6.44,6.297,6.156,6.026,5.912,5.812,5.719,5.619,5.5,5.355,5.183,4.99,4.784,4.58,4.389,4.216,4.067,3.943,3.84,3.751,3.675,3.608,3.546,3.488,3.428,3.363,3.29,3.206,3.111,3.007,2.897,2.785,2.677,2.578,2.489,2.413,2.346,2.284,2.22,2.154,2.086,2.022,1.969,1.933,1.918,1.921,1.937,1.957,1.973,1.978,1.969,1.947,1.915,1.881,1.848,1.819,1.796,1.778,1.764
Cambodia,6.251,6.122,5.996,5.852,5.862,5.823,5.769,5.712,5.648,5.559,5.72,5.866,5.991,5.559,4.797,4.103,3.409,2.716,3.338,4.556,5.774,6.042,6.193,6.296,6.338,6.313,6.226,6.097,5.944,5.723,5.644,5.565,5.447,5.274,5.052,4.824,4.594,4.391,4.139,3.922,3.772,3.652,3.555,3.442,3.345,3.244,3.145,3.084,2.969,2.871,2.774,2.701,2.664,2.62,2.589,2.55,2.512,2.473,2.435,2.402,2.381,2.344,2.322
China,4.451,3.863,6.085,7.513,6.672,6.605,6.307,5.806,6.508,6.175,6.085,5.523,5.112,4.726,4.17,3.571,3.235,2.844,2.716,2.745,2.739,2.792,2.972,2.559,2.607,2.633,2.721,2.76,2.539,2.52,2.514,1.934,1.776,1.691,1.628,1.588,1.554,1.527,1.522,1.53,1.628,1.563,1.566,1.57,1.605,1.624,1.644,1.666,1.701,1.714,1.687,1.668,1.798,1.714,1.769,1.67,1.772,1.813,1.554,1.496,1.281,1.164,1.175
Cyprus,3.512,3.619,3.51,3.494,3.409,3.47,3.395,3.324,3.267,3.188,3.065,3.036,2.988,2.403,2.28,2.107,2.327,2.089,2.079,2.136,2.298,2.154,2.467,2.499,2.516,2.434,2.457,2.389,2.477,2.371,2.405,2.336,2.461,2.247,2.167,2.033,1.953,1.858,1.764,1.674,1.637,1.563,1.498,1.509,1.517,1.48,1.515,1.451,1.48,1.481,1.438,1.36,1.386,1.305,1.315,1.326,1.36,1.322,1.32,1.332,1.328,1.321,1.311
Georgia,2.942,2.943,2.937,2.949,2.87,2.781,2.729,2.732,2.679,2.667,2.67,2.677,2.658,2.606,2.55,2.53,2.487,2.427,2.399,2.364,2.327,2.311,2.295,2.309,2.337,2.344,2.321,2.253,2.232,2.259,2.306,2.262,2.134,2.012,1.917,1.853,1.792,1.742,1.687,1.629,1.601,1.57,1.563,1.55,1.592,1.61,1.622,1.674,1.762,1.871,1.919,1.918,1.938,2.017,2.115,2.204,2.198,2.144,2.114,2.011,1.971,2.081,2.063
Hong Kong,5.067,5.168,5.145,5.089,5.012,4.92,4.459,4.043,3.76,3.716,3.485,3.422,3.285,3.171,2.985,2.697,2.521,2.417,2.298,1.945,1.856,1.942,1.867,1.741,1.577,1.5,1.384,1.331,1.401,1.317,1.288,1.3,1.358,1.352,1.361,1.299,1.2,1.123,1.023,0.99,1.029,0.938,0.932,0.903,0.916,0.957,0.986,1.03,1.053,1.049,1.118,1.133,1.203,1.27,1.2,1.227,1.205,1.13,1.075,1.034,0.87,0.745,0.756
India,5.921,5.937,5.953,5.969,5.979,5.941,5.881,5.825,5.76,5.684,5.624,5.565,5.482,5.402,5.325,5.195,5.13,5.007,4.888,4.808,4.775,4.698,4.62,4.565,4.516,4.432,4.399,4.311,4.222,4.132,4.045,3.959,3.877,3.799,3.723,3.651,3.582,3.514,3.446,3.383,3.35,3.303,3.217,3.122,3.046,2.958,2.864,2.784,2.718,2.673,2.603,2.536,2.467,2.406,2.306,2.287,2.273,2.2,2.177,2.109,2.051,2.031,2.011
Indonesia,5.547,5.57,5.589,5.604,5.614,5.616,5.601,5.577,5.54,5.506,5.447,5.363,5.291,5.217,5.093,5.035,4.923,4.809,4.715,4.613,4.493,4.359,4.249,4.095,3.941,3.711,3.527,3.42,3.331,3.223,3.098,3.056,2.942,2.882,2.838,2.798,2.77,2.738,2.655,2.578,2.536,2.497,2.456,2.428,2.418,2.433,2.453,2.491,2.479,2.459,2.452,2.499,2.49,2.427,2.389,2.345,2.309,2.262,2.234,2.215,2.194,2.175,2.153
Iran,7.301,7.227,7.224,7.181,7.131,7.106,7.075,7.051,6.974,6.899,6.707,6.51,6.25,6.106,6.042,6.008,6.136,6.203,6.332,6.531,6.584,6.558,6.554,6.511,6.436,6.264,6.012,5.69,5.387,5.108,4.863,4.506,4.082,3.683,3.271,2.885,2.566,2.333,2.197,2.099,2.016,1.94,1.865,1.824,1.796,1.775,1.771,1.768,1.767,1.766,1.768,1.8,1.886,1.961,2.036,2.053,2.07,2.074,1.968,1.77,1.708,1.692,1.681
Iraq,5.3,5.8,6.869,6.901,6.928,6.945,6.97,6.997,7.046,7.099,7.079,7.056,7.008,6.963,6.928,6.875,6.814,6.754,6.693,6.629,6.567,6.514,6.45,6.389,6.326,6.248,6.176,6.099,6.018,5.944,5.884,5.81,5.72,5.64,5.528,5.398,5.285,5.244,5.154,5.056,4.948,4.837,4.706,4.615,4.575,4.475,4.436,4.371,4.342,4.362,4.429,4.536,4.477,4.378,4.283,4.09,3.9,3.73,3.659,3.604,3.551,3.496,3.445
Israel,4.053,3.862,3.848,3.883,4.018,4.055,3.981,3.822,3.909,3.946,4.112,4.196,3.807,3.895,3.908,3.841,3.825,3.477,3.389,3.348,3.304,3.218,3.138,3.313,3.278,3.274,3.239,3.079,3.211,3.175,3.179,3.145,2.935,2.901,2.882,2.939,3.053,2.936,2.978,2.94,2.946,2.888,2.888,2.941,2.901,2.842,2.877,2.904,2.959,2.965,3.027,3.008,3.048,3.032,3.084,3.248,3.278,3.114,3.092,3.215,3.027,2.976,2.948
Japan,2.015,1.986,1.998,2.03,2.074,2.141,1.63,2.174,2.094,2.072,2.093,2.099,2.105,2.134,2.058,1.94,1.862,1.809,1.79,1.758,1.745,1.702,1.72,1.748,1.759,1.74,1.681,1.687,1.657,1.572,1.525,1.527,1.498,1.464,1.492,1.424,1.425,1.391,1.377,1.344,1.367,1.332,1.319,1.291,1.288,1.273,1.317,1.34,1.367,1.37,1.388,1.39,1.408,1.427,1.422,1.444,1.433,1.354,1.334,1.286,1.294,1.297,1.305
Jordan,7.669,7.769,7.847,7.919,7.985,8.078,8.091,8.107,8.12,8.128,8.109,8.089,8.059,8.016,7.955,7.891,7.81,7.708,7.58,7.428,7.266,7.1,6.928,6.768,6.611,6.458,6.315,6.118,5.933,5.731,5.478,5.285,5.107,4.955,4.807,4.662,4.512,4.337,4.164,4.037,3.921,3.853,3.832,3.838,3.801,3.779,3.802,3.847,3.892,3.842,3.778,3.681,3.559,3.436,3.31,3.175,3.077,3.027,2.973,2.918,2.873,2.83,2.786
Kazakhstan,4.53,4.486,4.404,4.341,4.219,4.111,4.008,3.877,3.681,3.537,3.529,3.545,3.566,3.51,3.453,3.393,3.333,3.268,3.165,3.122,3.029,3.07,3.069,3.063,3.063,3.061,3.05,3.024,2.98,2.916,2.83,2.725,2.605,2.48,2.355,2.272,2.097,1.999,1.964,1.935,1.947,1.919,1.953,2.053,2.157,2.243,2.367,2.474,2.585,2.597,2.59,2.588,2.619,2.639,2.73,2.741,2.779,2.731,2.84,2.908,3.14,3.084,3.047
North Korea,3.568,3.261,3.412,3.626,3.547,3.556,3.709,4.05,3.872,3.86,3.848,3.739,3.889,3.353,3.142,3.047,2.836,2.771,2.793,2.849,2.841,2.84,2.763,2.687,2.629,2.582,2.539,2.456,2.414,2.35,2.35,2.34,2.292,2.248,2.203,2.164,2.107,2.031,2.008,1.99,1.969,1.981,1.943,1.914,1.962,1.955,1.958,1.956,1.977,1.951,1.809,1.811,1.836,1.86,1.885,1.884,1.87,1.857,1.845,1.84,1.818,1.809,1.793
Kuwait,7.162,7.211,7.252,7.296,7.309,7.325,7.343,7.32,7.26,7.138,6.953,6.761,6.564,6.384,6.217,6.094,5.98,5.846,5.698,5.537,5.391,5.226,5.054,4.849,4.606,4.324,4.046,3.803,3.627,3.465,3.318,3.178,3.068,2.988,2.997,3.046,3.059,2.971,2.878,2.791,2.737,2.715,2.693,2.691,2.686,2.662,2.603,2.516,2.422,2.34,2.257,2.2,2.168,2.153,2.156,2.16,2.157,2.161,2.165,2.159,2.14,2.11,2.092
Kyrgyzstan,5.376,5.434,5.484,5.51,5.465,5.411,5.301,5.201,5.088,5.042,5.01,4.971,4.962,4.847,4.726,4.657,4.614,4.577,4.494,4.374,4.217,4.204,4.192,4.179,4.232,4.205,4.218,4.146,4.007,3.906,3.803,3.717,3.613,3.419,3.321,3.322,3.114,2.925,2.835,2.742,2.617,2.585,2.604,2.615,2.659,2.658,2.722,2.781,2.873,2.976,3.062,3.135,3.165,3.17,3.189,3.174,3.111,3.09,3.182,3.143,3.041,2.991,2.946
Laos,6.292,6.31,6.313,6.318,6.313,6.316,6.307,6.306,6.298,6.301,6.31,6.295,6.284,6.281,6.289,6.287,6.289,6.293,6.298,6.314,6.332,6.35,6.369,6.376,6.381,6.361,6.321,6.273,6.21,6.153,6.084,5.996,5.882,5.75,5.548,5.346,5.148,4.964,4.776,4.655,4.4,4.209,4.037,3.911,3.808,3.673,3.597,3.494,3.375,3.264,3.145,3.049,2.953,2.872,2.802,2.766,2.722,2.671,2.619,2.571,2.541,2.496,2.448
Lebanon,5.818,5.809,5.797,5.779,5.724,5.647,5.57,5.485,5.382,5.279,5.168,5.042,4.933,4.805,4.685,4.559,4.418,4.308,4.196,4.091,4.032,3.984,3.885,3.789,3.704,3.587,3.501,3.431,3.4,3.391,3.295,3.19,3.081,2.97,2.868,2.781,2.736,2.659,2.6,2.55,2.499,2.462,2.41,2.345,2.27,2.203,2.157,2.11,2.081,2.085,2.126,2.162,2.169,2.172,2.182,2.178,2.183,2.173,2.148,2.13,2.103,2.091,2.08
Macau,4.933,4.731,4.533,4.393,4.16,3.838,3.473,3.086,2.677,2.349,2.095,1.961,1.866,1.772,1.685,1.597,1.542,1.536,1.561,1.664,1.782,1.874,1.964,2.036,2.074,2.101,2.041,1.943,1.838,1.814,1.74,1.638,1.567,1.48,1.42,1.341,1.254,1.163,1.073,0.991,0.912,0.84,0.8,0.792,0.8,0.834,0.874,0.918,0.947,0.986,1.042,1.115,1.184,1.199,1.224,1.196,1.175,1.123,1.104,1.077,1.072,1.088,1.109
Malaysia,6.407,6.362,6.292,6.182,6.016,5.829,5.627,5.422,5.284,5.152,5.028,4.909,4.81,4.735,4.627,4.519,4.406,4.306,4.2,4.112,4.056,4.006,3.963,3.918,3.866,3.78,3.698,3.595,3.508,3.399,3.374,3.376,3.381,3.369,3.356,3.322,3.281,3.213,3.119,3.037,2.914,2.757,2.602,2.526,2.415,2.328,2.268,2.227,2.244,2.217,2.144,2.149,2.116,2.089,2.081,2.039,1.978,1.929,1.881,1.834,1.818,1.803,1.787
Maldives,6.804,6.841,6.906,6.943,6.984,7.016,7.095,7.18,7.223,7.264,7.299,7.276,7.247,7.293,7.269,7.187,7.168,7.145,7.137,7.168,7.174,7.159,7.155,7.153,7.096,7.02,6.912,6.79,6.61,6.376,6.089,5.744,5.396,5.045,4.674,4.32,3.931,3.572,3.254,2.961,2.71,2.519,2.413,2.344,2.284,2.235,2.231,2.295,2.359,2.366,2.318,2.261,2.202,2.123,2.059,1.99,1.913,1.845,1.784,1.736,1.712,1.692,1.678
Mongolia,6.827,7.007,7.238,7.383,7.451,7.482,7.545,7.529,7.517,7.487,7.464,7.433,7.403,7.354,7.268,7.134,6.967,6.823,6.669,6.469,6.26,6.033,5.845,5.653,5.468,5.271,5.039,4.85,4.682,4.445,4.232,3.905,3.524,3.163,2.947,2.789,2.618,2.469,2.363,2.302,2.255,2.195,2.13,2.051,2.017,2.028,2.13,2.297,2.446,2.533,2.513,2.602,2.739,2.897,2.996,3.01,2.957,2.891,2.923,2.937,2.9,2.837,2.774
Myanmar,5.983,5.982,5.994,5.991,5.991,5.994,5.956,5.923,5.874,5.812,5.752,5.682,5.591,5.491,5.382,5.291,5.209,5.118,5.024,4.938,4.828,4.726,4.668,4.615,4.499,4.297,4.088,3.889,3.711,3.637,3.543,3.451,3.363,3.282,3.192,3.11,3.043,2.963,2.889,2.825,2.785,2.783,2.782,2.704,2.621,2.552,2.504,2.479,2.428,2.391,2.346,2.312,2.274,2.256,2.24,2.248,2.249,2.234,2.213,2.2,2.174,2.151,2.127
Nepal,6.03,6.063,6.075,6.065,6.065,6.029,6.001,5.98,5.969,5.912,5.876,5.842,5.781,5.694,5.738,5.748,5.751,5.726,5.719,5.691,5.639,5.602,5.575,5.555,5.537,5.474,5.424,5.362,5.312,5.253,5.208,5.139,5.044,5.002,4.907,4.785,4.595,4.393,4.235,4.083,3.944,3.763,3.59,3.457,3.311,3.142,2.974,2.843,2.719,2.604,2.512,2.439,2.387,2.334,2.293,2.25,2.203,2.15,2.104,2.08,2.055,2.029,2.008
Oman,7.247,7.248,7.251,7.256,7.263,7.271,7.277,7.282,7.286,7.293,7.311,7.35,7.414,7.504,7.617,7.747,7.862,7.939,7.989,8.042,8.096,8.125,8.104,8.022,7.9,7.756,7.584,7.371,7.135,6.874,6.606,6.339,6.045,5.761,5.472,5.19,4.895,4.616,4.344,4.126,3.893,3.69,3.501,3.346,3.2,3.049,2.921,2.813,2.806,2.841,2.943,2.94,2.929,2.949,2.956,2.959,2.946,2.937,2.883,2.776,2.687,2.623,2.567
Pakistan,6.8,6.8,6.8,6.8,6.8,6.8,6.8,6.8,6.8,6.8,6.801,6.802,6.805,6.808,6.811,6.812,6.808,6.799,6.783,6.761,6.734,6.704,6.674,6.644,6.615,6.585,6.554,6.518,6.476,6.425,6.364,6.291,6.207,6.112,6.008,5.894,5.771,5.642,5.508,5.393,5.257,5.123,5.008,4.88,4.754,4.637,4.526,4.51,4.432,4.36,4.297,4.234,4.169,4.106,4.005,3.904,3.827,3.759,3.685,3.62,3.555,3.47,3.41
Philippines,7.148,7.087,7.02,6.947,6.867,6.781,6.667,6.539,6.409,6.303,6.198,6.088,5.957,5.814,5.693,5.596,5.505,5.442,5.393,5.255,5.108,4.973,4.921,4.883,4.773,4.652,4.546,4.521,4.486,4.376,4.352,4.319,4.242,4.148,4.072,4.042,3.967,3.899,3.848,3.788,3.714,3.718,3.656,3.604,3.543,3.49,3.486,3.444,3.404,3.363,3.264,3.122,3.127,3.096,3.031,2.951,2.892,2.865,2.831,2.805,2.777,2.748,2.725
Qatar,6.647,6.659,6.67,6.688,6.694,6.716,6.736,6.674,6.613,6.545,6.482,6.413,6.33,6.268,6.18,6.099,6.003,5.911,5.786,5.656,5.514,5.375,5.211,5.057,4.884,4.732,4.605,4.542,4.494,4.373,4.176,3.879,3.77,3.738,3.661,3.573,3.5,3.433,3.342,3.27,3.227,3.181,3.042,2.906,2.749,2.578,2.426,2.343,2.276,2.176,2.087,2.04,1.969,1.932,1.898,1.864,1.827,1.839,1.848,1.834,1.816,1.801,1.781
Saudi Arabia,7.626,7.634,7.636,7.654,7.672,7.658,7.655,7.658,7.627,7.597,7.583,7.556,7.539,7.484,7.426,7.37,7.33,7.295,7.263,7.227,7.185,7.126,7.047,6.949,6.837,6.703,6.548,6.36,6.17,5.997,5.83,5.662,5.493,5.319,5.142,4.952,4.769,4.592,4.419,4.247,4.115,3.91,3.706,3.502,3.337,3.242,3.208,3.177,3.057,2.952,2.853,2.814,2.78,2.737,2.686,2.637,2.59,2.584,2.546,2.504,2.465,2.427,2.393
Singapore,5.762,5.553,5.343,5.263,5.085,4.665,4.503,4.002,3.598,3.28,3.073,3,3.026,2.795,2.363,2.079,2.102,1.833,1.804,1.794,1.81,1.714,1.668,1.551,1.547,1.593,1.372,1.497,1.733,1.561,1.795,1.518,1.495,1.509,1.491,1.646,1.454,1.581,1.3,1.269,1.557,1.226,1.358,1.277,1.259,1.26,1.28,1.289,1.28,1.222,1.161,1.201,1.276,1.197,1.245,1.225,0.997,0.954,0.946,0.962,0.996,1.024,1.035
Sri Lanka,5.465,5.331,5.261,5.211,5.135,5.004,4.884,4.855,4.682,4.5,4.361,4.242,4.147,4.033,3.848,3.792,3.746,3.676,3.724,3.74,3.643,3.576,3.298,3.093,2.988,2.879,2.744,2.657,2.565,2.558,2.517,2.5,2.483,2.406,2.343,2.295,2.238,2.182,2.116,2.138,2.191,2.261,2.275,2.276,2.267,2.283,2.344,2.327,2.275,2.224,2.196,2.206,2.196,2.181,2.13,2.091,2.068,2.053,2.031,2.019,2,1.99,1.974
Syria,7.485,7.431,7.441,7.441,7.469,7.514,7.554,7.583,7.601,7.668,7.694,7.653,7.612,7.56,7.509,7.471,7.435,7.41,7.347,7.269,7.155,7.011,6.875,6.741,6.606,6.476,6.326,6.134,5.886,5.628,5.384,5.124,4.945,4.834,4.715,4.574,4.428,4.283,4.177,4.082,4.001,4.007,3.948,3.899,3.857,3.814,3.762,3.696,3.613,3.514,3.404,3.283,3.215,3.17,3.101,3.049,2.994,2.939,2.886,2.835,2.798,2.747,2.704
Taiwan,5.795,5.669,5.542,5.385,5.198,4.986,4.772,4.525,4.343,4.151,3.946,3.692,3.417,3.228,3.07,2.967,2.985,2.779,2.707,2.645,2.538,2.445,2.321,2.178,2.039,1.889,1.757,1.736,1.783,1.75,1.774,1.75,1.748,1.765,1.77,1.771,1.758,1.707,1.568,1.527,1.458,1.392,1.324,1.252,1.193,1.143,1.119,1.094,1.049,0.99,0.914,1.031,1.135,1.124,1.156,1.167,1.157,1.126,1.098,1.087,1.1,1.114,1.132
Tajikistan,6.547,6.661,6.76,6.844,6.911,6.962,6.999,7.024,7.035,7.031,7.003,6.943,6.845,6.75,6.675,6.6,6.493,6.389,6.304,6.206,6.11,6.007,5.902,5.853,5.803,5.773,5.734,5.658,5.57,5.46,5.342,5.176,4.965,4.812,4.766,4.658,4.441,4.317,4.281,4.127,4.006,3.884,3.767,3.606,3.529,3.438,3.385,3.367,3.388,3.43,3.457,3.456,3.421,3.433,3.459,3.459,3.384,3.29,3.294,3.281,3.237,3.186,3.141
Thailand,6.248,6.262,6.277,6.291,6.248,6.192,6.108,6.01,5.888,5.729,5.55,5.356,5.154,4.899,4.634,4.396,4.152,3.897,3.66,3.508,3.362,3.183,2.997,2.827,2.664,2.524,2.411,2.289,2.192,2.152,2.09,2.047,2.026,1.987,1.945,1.898,1.893,1.864,1.784,1.664,1.612,1.588,1.567,1.568,1.566,1.585,1.571,1.578,1.579,1.567,1.576,1.597,1.586,1.547,1.51,1.469,1.435,1.41,1.378,1.352,1.341,1.331,1.317
Turkey,6.383,6.352,6.287,6.223,6.134,6.033,5.925,5.796,5.749,5.692,5.625,5.552,5.464,5.362,5.23,5.073,4.919,4.758,4.672,4.564,4.426,4.314,4.175,4.024,3.894,3.755,3.629,3.497,3.387,3.282,3.126,3.048,2.936,2.896,2.852,2.792,2.793,2.716,2.67,2.592,2.505,2.532,2.323,2.231,2.224,2.224,2.227,2.195,2.178,2.162,2.137,2.133,2.149,2.165,2.2,2.194,2.177,2.14,2.054,1.967,1.917,1.889,1.882
Turkmenistan,6.59,6.689,6.756,6.788,6.787,6.756,6.703,6.635,6.56,6.482,6.404,6.323,6.19,6.109,6.015,5.904,5.802,5.683,5.535,5.403,5.253,5.11,4.975,4.926,4.872,4.885,4.861,4.8,4.62,4.447,4.243,4.106,3.962,3.837,3.67,3.507,3.336,3.213,3.102,2.995,2.898,2.791,2.686,2.665,2.648,2.658,2.665,2.676,2.712,2.769,2.833,2.892,2.936,2.958,2.956,2.93,2.887,2.836,2.786,2.74,2.701,2.667,2.617
United Arab Emirates,6.718,6.678,6.659,6.619,6.573,6.522,6.494,6.492,6.497,6.485,6.486,6.469,6.45,6.4,6.331,6.258,6.208,6.155,6.093,6.03,5.948,5.812,5.651,5.481,5.306,5.126,5.008,4.9,4.785,4.672,4.537,4.252,4.09,3.817,3.765,3.274,3.232,3.062,2.907,2.793,2.733,2.621,2.54,2.491,2.384,2.204,2.072,1.99,1.917,1.852,1.79,1.724,1.666,1.602,1.545,1.486,1.438,1.419,1.356,1.334,1.46,1.46,1.443
Uzbekistan,6.613,6.752,6.878,6.808,6.823,6.81,6.66,6.567,6.404,6.372,6.347,6.295,6.231,6.135,6.02,5.889,5.746,5.536,5.31,5.183,5.047,4.907,4.813,4.721,4.713,4.68,4.664,4.528,4.312,4.171,4.196,4.193,4.033,3.872,3.71,3.59,3.398,3.183,2.964,2.81,2.706,2.64,2.586,2.477,2.461,2.426,2.448,2.526,2.576,2.528,2.441,2.361,2.344,2.398,2.46,2.495,2.498,2.505,2.693,2.795,2.928,2.857,2.8
Vietnam,6.28,5.476,6.274,6.385,6.285,6.156,5.968,5.883,6.029,6.013,6.019,6.069,6.1,6.108,5.82,5.642,5.45,5.262,5.119,4.986,4.858,4.752,4.621,4.486,4.349,4.215,4.084,3.938,3.814,3.702,3.596,3.476,3.322,3.143,2.92,2.664,2.444,2.29,2.169,2.095,2.072,2.051,2.063,2.026,2.014,1.962,1.904,1.913,1.92,1.906,1.895,1.902,1.927,1.951,1.95,1.951,1.938,1.93,1.937,1.948,1.955,1.944,1.941
Yemen,7.938,7.963,7.963,7.981,8.038,8.067,8.127,8.166,8.196,8.215,8.238,8.264,8.299,8.304,8.335,8.401,8.444,8.504,8.52,8.671,8.71,8.752,8.793,8.828,8.853,8.864,8.858,8.833,8.786,8.713,8.606,8.459,8.272,8.048,7.795,7.525,7.02,6.83,6.638,6.511,6.318,6.114,5.937,5.819,5.712,5.577,5.425,5.266,5.129,4.986,4.855,4.744,4.634,4.529,4.427,4.322,4.214,4.112,4.043,3.963,3.886,3.795,3.716
Bermuda,3.51,3.483,3.443,3.468,3.232,3.074,2.826,2.645,2.525,2.432,2.358,2.299,2.211,2.116,1.988,1.842,1.834,1.651,1.541,1.628,1.613,1.54,1.575,1.751,1.618,1.726,1.697,1.715,1.772,1.734,1.687,1.729,1.708,1.691,1.684,1.679,1.698,1.692,1.799,1.807,1.767,1.884,1.817,1.811,1.78,1.708,1.73,1.91,1.81,1.81,1.74,1.57,1.57,1.59,1.42,1.44,1.44,1.4,1.307,1.332,1.373,1.363,1.367
Canada,3.896,3.839,3.756,3.667,3.498,3.144,2.813,2.597,2.456,2.404,2.327,2.182,2.021,1.928,1.872,1.85,1.821,1.801,1.755,1.757,1.739,1.701,1.689,1.678,1.68,1.666,1.664,1.653,1.688,1.759,1.809,1.732,1.721,1.695,1.695,1.678,1.638,1.576,1.558,1.542,1.494,1.51,1.504,1.525,1.528,1.543,1.588,1.653,1.676,1.665,1.63,1.615,1.616,1.593,1.591,1.554,1.54,1.541,1.5,1.452,1.458,1.463,1.466
Greenland,6.775,6.787,6.784,6.736,6.605,6.353,5.936,5.447,4.869,4.213,3.608,3.238,2.978,2.714,2.463,2.346,2.279,2.263,2.211,2.225,2.319,2.294,2.219,2.118,2.12,2.151,2.108,2.136,2.26,2.331,2.407,2.444,2.529,2.547,2.532,2.514,2.518,2.56,2.46,2.392,2.376,2.442,2.467,2.401,2.38,2.339,2.276,2.277,2.28,2.295,2.22,2.107,2.025,2.019,2.02,2.062,2.057,2.052,2.025,2.003,1.993,1.976,1.958
Mexico,6.763,6.777,6.8,6.817,6.833,6.819,6.79,6.753,6.707,6.649,6.551,6.442,6.318,6.177,6.004,5.791,5.603,5.414,5.254,4.998,4.776,4.604,4.443,4.291,4.184,4.087,3.971,3.803,3.65,3.55,3.45,3.367,3.292,3.216,3.127,3.038,2.956,2.869,2.8,2.766,2.716,2.669,2.623,2.579,2.536,2.495,2.456,2.421,2.391,2.364,2.34,2.317,2.294,2.269,2.211,2.137,2.086,2.041,1.996,1.916,1.905,1.822,1.803
Saint Pierre and Miquelon,4.622,5.009,4.385,3.794,3.714,4.728,4.535,3.422,3.299,3.109,3.566,3.86,3.304,2.774,2.475,2.16,1.902,1.833,1.907,1.99,2.068,2.135,2.189,2.243,2.288,2.312,2.326,2.334,2.33,2.324,2.314,2.297,2.282,2.267,2.24,2.211,2.177,2.149,2.122,2.088,2.044,2.009,1.96,1.921,1.899,1.873,1.852,1.832,1.81,1.782,1.755,1.686,1.605,1.579,1.547,1.552,1.555,1.554,1.554,1.558,1.56,1.562,1.559
United States,3.55,3.517,3.387,3.27,3.138,2.859,2.658,2.522,2.439,2.43,2.467,2.259,2.007,1.875,1.828,1.769,1.737,1.779,1.758,1.801,1.831,1.808,1.82,1.795,1.802,1.835,1.833,1.867,1.929,2.005,2.069,2.054,2.039,2.013,1.995,1.972,1.971,1.968,1.992,2.005,2.047,2.027,2.02,2.042,2.048,2.057,2.102,2.112,2.068,2,1.932,1.894,1.878,1.856,1.859,1.842,1.813,1.76,1.718,1.689,1.643,1.662,1.661
Anguilla,7.032,7.01,6.991,6.961,6.918,6.762,6.571,6.367,6.118,5.868,5.622,5.382,5.163,4.941,4.735,4.529,4.329,4.113,3.912,3.733,3.565,3.416,3.271,3.113,2.955,2.745,2.533,2.336,2.199,2.407,2.05,2.023,1.96,1.971,1.938,1.966,1.896,1.868,1.857,1.828,1.782,1.992,1.615,1.507,1.488,1.513,1.654,1.684,1.692,1.697,1.696,1.684,1.668,1.649,1.378,1.363,1.342,1.32,1.296,1.288,1.277,1.273,1.278
Antigua and Barbuda,4.602,4.559,4.547,4.536,4.484,4.416,4.322,4.178,4.014,3.829,3.628,3.455,3.287,3.126,2.932,2.77,2.78,2.784,2.573,2.632,2.311,2.166,2.087,2.116,2.038,2.151,2.032,2.067,2.132,2.199,2.249,2.036,2.126,2.036,2.069,2.159,2.266,2.19,2.017,1.956,2.196,2.018,1.94,1.887,1.852,1.832,1.831,1.86,2.042,2.006,1.785,1.746,1.655,1.537,1.526,1.567,1.458,1.485,1.371,1.468,1.569,1.58,1.58
Argentina,3.075,3.069,3.106,3.101,3.08,3.062,3.048,3.039,3.027,3.052,3.088,3.108,3.146,3.198,3.251,3.301,3.339,3.359,3.359,3.339,3.301,3.253,3.204,3.159,3.123,3.095,3.075,3.059,3.042,3.022,3.034,3.012,2.987,2.966,2.935,2.864,2.781,2.706,2.662,2.643,2.591,2.531,2.493,2.451,2.43,2.426,2.4,2.37,2.341,2.344,2.346,2.338,2.33,2.322,2.312,2.301,2.241,2.168,2.039,1.994,1.911,1.885,1.876
Aruba,4.82,4.655,4.471,4.271,4.059,3.842,3.625,3.417,3.226,3.054,2.908,2.788,2.691,2.613,2.552,2.506,2.472,2.446,2.425,2.408,2.392,2.377,2.364,2.353,2.342,2.332,2.32,2.307,2.291,2.272,2.303,2.314,2.277,2.226,2.125,2.19,2.153,2.144,1.957,1.869,1.904,1.833,1.763,1.747,1.683,1.777,1.909,1.928,1.935,1.919,1.941,1.962,2.028,2.117,2.148,1.972,1.953,1.839,1.587,1.486,1.325,1.18,1.179
Bahamas,4.818,4.866,4.799,4.729,4.639,4.542,4.438,4.368,4.28,4.182,4.069,3.974,3.89,3.74,3.526,3.259,3.221,3.17,3.063,2.983,2.901,2.853,2.802,2.737,2.685,2.63,2.587,2.529,2.478,2.484,2.527,2.604,2.793,2.728,2.482,2.504,2.36,2.399,2.335,2.133,2.097,2.088,1.998,1.921,1.932,2.05,1.786,1.852,1.99,2.009,1.835,1.739,1.744,1.51,1.673,1.576,1.496,1.426,1.412,1.398,1.394,1.389,1.38
Barbados,4.333,4.313,4.269,4.196,4.094,3.963,3.807,3.637,3.46,3.284,3.113,2.949,2.794,2.648,2.513,2.393,2.288,2.198,2.121,2.057,2.004,1.96,1.922,1.889,1.858,1.83,1.805,1.782,1.765,1.75,1.74,1.733,1.728,1.725,1.725,1.727,1.732,1.74,1.75,1.762,1.775,1.785,1.793,1.797,1.795,1.788,1.775,1.757,1.735,1.711,1.687,1.665,1.645,1.63,1.62,1.614,1.613,1.615,1.619,1.623,1.628,1.633,1.634
Belize,6.5,6.48,6.46,6.44,6.42,6.4,6.379,6.358,6.337,6.316,6.299,6.288,6.284,6.285,6.287,6.278,6.25,6.195,6.109,5.992,5.849,5.684,5.597,5.393,5.187,5.02,4.922,4.82,4.783,4.762,4.698,4.483,4.348,4.198,3.999,3.948,3.852,3.854,3.785,3.714,3.634,3.554,3.465,3.321,3.207,3.129,2.982,2.874,2.799,2.701,2.606,2.585,2.555,2.53,2.491,2.438,2.394,2.36,2.345,2.106,1.999,2.01,1.989
Bolivia,6.358,6.335,6.309,6.279,6.245,6.208,6.168,6.127,6.086,6.045,6.004,5.964,5.923,5.88,5.835,5.786,5.732,5.673,5.61,5.542,5.474,5.408,5.346,5.289,5.238,5.189,5.139,5.087,5.028,4.963,4.89,4.81,4.713,4.592,4.494,4.409,4.336,4.219,4.149,4.09,3.991,3.89,3.802,3.721,3.633,3.558,3.533,3.447,3.364,3.287,3.213,3.143,3.076,3.01,2.947,2.886,2.829,2.777,2.73,2.688,2.651,2.618,2.584
Brazil,6.061,6.044,5.995,5.929,5.818,5.675,5.529,5.368,5.202,5.079,4.972,4.857,4.746,4.646,4.502,4.415,4.339,4.267,4.195,4.12,4.037,3.943,3.838,3.723,3.6,3.471,3.342,3.234,3.112,3.01,2.905,2.815,2.719,2.672,2.617,2.579,2.516,2.465,2.409,2.331,2.255,2.183,2.103,2.023,2.002,1.974,1.927,1.881,1.842,1.825,1.81,1.8,1.767,1.748,1.767,1.777,1.709,1.736,1.749,1.703,1.649,1.641,1.626
British Virgin Islands,5.162,4.961,4.762,4.572,4.376,4.215,4.097,4.009,3.946,3.852,3.775,3.693,3.61,3.517,3.425,3.357,3.285,3.199,3.123,3.053,2.933,2.44,2.306,2.322,1.942,1.882,1.638,1.657,1.525,1.498,1.585,1.703,1.681,1.816,1.646,1.716,1.802,2.029,1.501,1.784,1.866,1.505,1.24,1.306,1.505,1.341,1.232,1.312,1.282,1.227,1.183,1.269,1.103,1.08,1.237,1.186,0.987,0.872,0.917,0.948,0.976,1.005,1.015
Cayman Islands,4.516,4.575,4.59,4.489,4.219,3.668,4.026,3.964,3.992,3.522,4.662,3.465,4.888,3.553,2.734,3.001,2.51,2.191,2.171,2.141,2.359,2.375,2.205,2.451,2.452,2,1.98,1.95,1.924,1.896,1.87,1.84,1.832,1.781,1.734,1.522,1.752,1.713,1.575,1.699,1.696,1.665,1.523,1.484,1.604,1.722,1.68,1.705,1.788,1.775,1.753,1.639,1.554,1.405,1.394,1.201,1.205,1.118,1.159,1.216,1.467,1.219,1.216
Chile,4.697,4.655,4.602,4.536,4.457,4.364,4.259,4.144,4.025,3.902,3.778,3.654,3.53,3.409,3.293,3.182,3.078,2.981,2.892,2.812,2.744,2.689,2.648,2.619,2.601,2.592,2.589,2.59,2.591,2.589,2.579,2.558,2.478,2.43,2.377,2.303,2.245,2.177,2.112,2.044,1.987,1.961,1.935,1.873,1.826,1.803,1.803,1.826,1.85,1.855,1.844,1.823,1.798,1.786,1.774,1.737,1.676,1.598,1.564,1.545,1.537,1.537,1.539
Colombia,6.735,6.712,6.663,6.584,6.475,6.333,6.159,5.957,5.737,5.506,5.276,5.057,4.857,4.68,4.527,4.398,4.285,4.179,4.074,3.967,3.856,3.743,3.632,3.527,3.43,3.343,3.269,3.208,3.158,3.117,3.082,3.047,3.01,2.967,2.918,2.862,2.802,2.742,2.683,2.627,2.572,2.516,2.458,2.395,2.33,2.263,2.198,2.137,2.081,2.033,1.992,1.958,1.93,1.905,1.883,1.863,1.843,1.818,1.787,1.765,1.737,1.717,1.692
Costa Rica,6.712,6.651,6.543,6.389,6.193,5.96,5.697,5.416,5.028,4.835,4.585,4.362,4.158,3.991,3.893,3.804,3.747,3.701,3.662,3.651,3.59,3.559,3.541,3.528,3.52,3.513,3.463,3.397,3.336,3.267,3.205,3.119,3.037,2.964,2.888,2.804,2.71,2.64,2.534,2.48,2.412,2.325,2.2,2.137,2.078,2.044,2.014,2.012,2.021,1.982,1.928,1.902,1.876,1.838,1.819,1.79,1.754,1.74,1.709,1.632,1.555,1.533,1.522
Cuba,4.129,4.265,4.421,4.559,4.528,4.459,4.378,4.294,4.212,4.118,4.001,3.87,3.724,3.492,3.199,2.853,2.519,2.213,1.874,1.76,1.619,1.564,1.756,1.788,1.77,1.761,1.76,1.802,1.853,1.827,1.804,1.658,1.561,1.491,1.461,1.471,1.437,1.563,1.588,1.618,1.581,1.563,1.608,1.589,1.517,1.468,1.39,1.428,1.575,1.688,1.693,1.756,1.681,1.688,1.663,1.694,1.609,1.593,1.631,1.551,1.5,1.442,1.449
Dominica,6.866,5.278,5.21,5.272,4.894,4.841,5.858,5.138,4.964,5.46,5.135,4.808,4.475,4.135,3.844,3.576,3.359,3.215,3.108,3.034,2.995,2.961,2.961,3.165,2.906,2.934,2.959,2.797,3.016,2.948,2.96,3.067,3.281,3.102,2.874,2.673,2.519,2.392,2.333,2.554,2.351,2.542,2.276,2.169,2.125,2.105,2.158,2.094,2.027,1.96,1.915,1.871,1.824,1.772,1.734,1.694,1.657,1.629,1.617,1.611,1.597,1.595,1.588
Dominican Republic,7.555,7.487,7.404,7.303,7.186,7.053,6.949,6.755,6.548,6.366,6.184,6.009,5.841,5.667,5.44,5.235,5.046,4.842,4.644,4.473,4.302,4.149,4.014,3.947,3.822,3.686,3.603,3.528,3.5,3.475,3.411,3.349,3.287,3.226,3.163,3.101,3.04,2.953,2.873,2.865,2.859,2.812,2.774,2.721,2.664,2.605,2.533,2.51,2.533,2.556,2.538,2.513,2.485,2.466,2.445,2.43,2.406,2.39,2.381,2.344,2.303,2.273,2.247
Ecuador,6.721,6.7,6.676,6.646,6.61,6.564,6.507,6.436,6.351,6.252,6.138,6.011,5.873,5.727,5.577,5.426,5.276,5.13,4.989,4.855,4.73,4.612,4.501,4.395,4.293,4.195,4.1,4.007,3.917,3.829,3.744,3.665,3.591,3.524,3.461,3.403,3.345,3.288,3.228,3.166,3.102,3.037,2.972,2.911,2.853,2.8,2.753,2.711,2.675,2.643,2.615,2.596,2.517,2.419,2.335,2.26,2.201,2.174,2.133,2.088,2.051,2.026,2.003
El Salvador,6.634,6.674,6.682,6.69,6.684,6.647,6.575,6.49,6.386,6.278,6.178,6.097,6.004,5.895,5.793,5.678,5.567,5.463,5.338,5.227,5.107,4.986,4.831,4.669,4.508,4.346,4.21,4.184,4.108,4.022,3.947,3.87,3.815,3.734,3.66,3.577,3.482,3.377,3.357,3.259,3.14,2.977,2.809,2.675,2.546,2.455,2.393,2.335,2.291,2.261,2.239,2.224,2.187,2.154,2.126,2.067,1.965,1.896,1.849,1.838,1.819,1.803,1.785
Falkland Islands,3.341,3.308,3.261,3.228,3.202,3.217,2.914,2.898,3.194,3.214,2.924,2.889,2.854,2.81,2.751,2.66,2.547,2.439,2.326,2.226,2.136,2.081,2.022,1.963,1.91,1.877,1.748,1.691,1.646,1.594,1.637,1.597,1.583,1.561,1.446,1.433,1.425,1.417,1.414,1.474,1.401,1.407,1.412,1.49,1.504,1.439,1.457,1.472,1.488,1.584,1.511,1.522,1.539,1.549,1.562,1.57,1.578,1.581,1.583,1.581,1.593,1.59,1.58
Grenada,6.743,6.627,6.442,6.196,5.906,5.597,5.3,5.04,4.835,4.69,4.516,4.427,4.337,4.258,4.167,4.023,3.881,3.75,3.675,3.68,3.632,3.204,3.332,3.447,3.316,3.54,3.698,3.772,3.429,3.583,3.489,3.506,3.323,3.109,3.035,2.989,2.987,2.989,2.652,2.536,2.582,2.512,2.455,2.409,2.373,2.344,2.321,2.301,2.282,2.262,2.24,2.217,2.194,2.171,2.148,2.126,2.104,2.083,2.063,2.042,2.023,2.004,1.986
Guadeloupe,5.772,5.727,5.857,5.706,5.572,5.539,5.473,5.319,5.145,4.949,4.771,4.566,4.352,4.171,3.998,3.783,3.45,3.112,2.824,2.657,2.583,2.554,2.531,2.515,2.489,2.463,2.398,2.33,2.281,2.255,2.227,2.202,2.182,2.137,2.114,2.104,2.107,2.12,2.131,2.16,2.184,2.203,2.199,2.21,2.226,2.27,2.269,2.232,2.188,2.159,2.188,2.206,2.217,2.223,2.211,2.179,2.141,2.088,2.079,2.084,2.07,2.052,2.033
Guatemala,6.955,6.933,6.89,6.869,6.847,6.823,6.799,6.754,6.706,6.655,6.6,6.546,6.511,6.487,6.458,6.41,6.368,6.319,6.261,6.216,6.171,6.121,6.057,5.976,5.855,5.729,5.663,5.639,5.621,5.559,5.48,5.377,5.314,5.254,5.191,5.105,5.008,4.906,4.8,4.687,4.583,4.502,4.371,4.25,4.134,3.974,3.845,3.716,3.571,3.465,3.375,3.292,3.219,3.151,3.088,3.029,2.973,2.857,2.743,2.61,2.484,2.395,2.354
Guyana,6.372,6.305,6.226,6.14,6.05,5.957,5.86,5.756,5.642,5.517,5.38,5.226,5.057,4.877,4.689,4.503,4.327,4.169,4.031,3.915,3.817,3.728,3.64,3.548,3.452,3.354,3.263,3.186,3.127,3.089,3.069,3.063,3.066,3.071,3.074,3.074,3.069,3.061,3.05,3.036,3.017,2.992,2.961,2.924,2.883,2.84,2.797,2.755,2.718,2.684,2.655,2.63,2.606,2.582,2.558,2.534,2.509,2.485,2.462,2.44,2.418,2.397,2.369
Haiti,6.208,6.2,6.194,6.182,6.175,6.123,6.071,6.027,5.974,5.925,5.87,5.797,5.722,5.648,5.663,5.687,5.691,5.681,5.673,5.669,5.65,5.673,5.697,5.656,5.632,5.624,5.607,5.593,5.566,5.532,5.483,5.317,5.208,5.099,4.991,4.884,4.777,4.669,4.561,4.452,4.39,4.248,4.125,4.038,3.939,3.833,3.735,3.643,3.567,3.508,3.47,3.411,3.302,3.216,3.157,3.108,3.062,3.016,2.959,2.919,2.869,2.814,2.773
Honduras,7.458,7.448,7.443,7.441,7.443,7.442,7.384,7.334,7.289,7.229,7.17,7.124,7.082,7.008,6.921,6.858,6.794,6.701,6.604,6.499,6.393,6.282,6.164,6.048,5.921,5.806,5.707,5.604,5.496,5.395,5.291,5.183,5.089,4.995,4.891,4.758,4.639,4.527,4.448,4.361,4.237,4.098,3.956,3.815,3.677,3.545,3.419,3.296,3.177,3.063,2.957,2.86,2.774,2.699,2.635,2.581,2.536,2.496,2.46,2.427,2.394,2.363,2.34
Jamaica,5.58,5.446,5.378,5.509,5.684,5.747,5.83,5.847,5.817,5.748,5.638,5.5,5.292,5.029,4.756,4.499,4.218,4.115,3.965,3.839,3.733,3.643,3.559,3.477,3.394,3.308,3.223,3.142,3.069,3.003,2.854,2.906,2.952,2.962,2.939,2.881,2.674,2.659,2.594,2.447,2.21,2.173,2.149,2.13,2.127,2.063,2.069,1.908,1.89,1.864,1.742,1.728,1.696,1.636,1.569,1.588,1.516,1.44,1.388,1.37,1.358,1.352,1.34
Martinique,5.617,5.564,5.504,5.437,5.363,5.278,5.181,5.069,4.939,4.789,4.613,4.241,4.082,3.765,3.508,3.17,2.836,2.587,2.397,2.281,2.197,2.202,2.15,2.123,2.113,2.111,2.111,2.108,2.099,2.122,2.109,2.09,2.07,2.011,1.972,1.932,1.92,1.911,1.911,1.926,1.951,1.948,1.925,1.926,1.921,1.952,1.998,2.026,2.056,2.04,2.017,1.975,1.979,1.975,1.991,1.974,1.951,1.925,1.923,1.934,1.928,1.915,1.906
Montserrat,4.918,4.86,4.848,4.843,4.782,4.702,4.605,4.516,4.38,4.209,4.058,3.895,3.755,3.588,3.387,3.16,2.967,2.783,2.617,2.474,2.338,2.253,2.501,2.457,2.431,2.327,2.154,2.124,2.108,2.073,2.029,1.972,1.937,1.887,1.801,1.6,1.365,1.188,0.858,0.962,1.109,1.517,1.346,1.239,1.326,1.372,1.4,1.414,1.418,1.407,1.4,1.438,1.512,1.488,1.516,1.498,1.55,1.57,1.58,1.582,1.583,1.574,1.565
Nicaragua,7.159,7.149,7.128,7.108,7.069,7.034,6.988,6.953,6.907,6.855,6.811,6.764,6.708,6.652,6.576,6.499,6.407,6.301,6.186,6.069,5.959,5.84,5.737,5.611,5.488,5.359,5.217,5.073,4.931,4.762,4.596,4.432,4.267,4.102,3.937,3.775,3.62,3.473,3.339,3.218,3.111,3.019,2.941,2.874,2.816,2.767,2.725,2.689,2.657,2.628,2.601,2.575,2.55,2.526,2.503,2.48,2.455,2.43,2.404,2.377,2.349,2.321,2.284
Panama,5.844,5.865,5.872,5.865,5.808,5.728,5.649,5.546,5.432,5.304,5.171,5.048,4.907,4.739,4.575,4.424,4.273,4.132,3.999,3.895,3.812,3.741,3.67,3.611,3.523,3.431,3.352,3.27,3.198,3.148,3.096,2.999,2.95,2.909,2.877,2.852,2.83,2.81,2.789,2.767,2.744,2.72,2.698,2.679,2.691,2.665,2.636,2.63,2.631,2.613,2.604,2.627,2.636,2.609,2.59,2.564,2.528,2.493,2.441,2.375,2.344,2.325,2.297
Paraguay,6.5,6.489,6.472,6.447,6.415,6.356,6.258,6.134,6.01,5.87,5.739,5.591,5.458,5.351,5.272,5.207,5.154,5.117,5.064,5.089,5.122,5.165,5.126,5.087,5.037,4.974,4.9,4.818,4.73,4.639,4.547,4.457,4.368,4.282,4.196,4.108,4.014,3.911,3.798,3.678,3.553,3.431,3.315,3.21,3.119,3.04,2.97,2.907,2.846,2.787,2.73,2.675,2.625,2.636,2.646,2.645,2.624,2.591,2.561,2.525,2.497,2.469,2.444
Peru,6.941,6.923,6.895,6.858,6.81,6.75,6.68,6.6,6.513,6.418,6.316,6.207,6.091,5.968,5.841,5.709,5.575,5.44,5.305,5.171,5.041,4.915,4.795,4.68,4.568,4.46,4.354,4.247,4.138,4.026,3.912,3.794,3.673,3.552,3.432,3.315,3.203,3.099,3.002,2.917,2.845,2.744,2.693,2.661,2.673,2.686,2.686,2.666,2.628,2.607,2.573,2.542,2.487,2.432,2.385,2.338,2.306,2.281,2.26,2.242,2.216,2.192,2.164
Puerto Rico,4.796,4.51,4.359,4.525,4.108,4.044,3.817,3.569,3.381,3.315,3.243,3.291,3.058,2.93,2.882,2.772,2.863,2.923,2.9,2.846,2.815,2.711,2.613,2.456,2.353,2.351,2.355,2.328,2.307,2.386,2.378,2.302,2.29,2.307,2.278,2.248,2.231,2.253,2.126,2.104,2.107,1.995,1.894,1.834,1.856,1.846,1.787,1.72,1.62,1.594,1.617,1.593,1.539,1.471,1.44,1.365,1.32,1.226,1.066,1.244,1.292,1.293,1.283
Saint Kitts and Nevis,7.169,6.924,6.687,6.735,6.661,6.535,6.273,5.865,5.498,5.263,5.007,4.775,4.355,4.14,3.98,3.851,3.773,3.646,3.419,3.331,3.345,3.392,3.451,3.248,3.055,3.004,2.862,2.769,2.744,2.78,2.793,2.622,2.448,2.402,2.35,2.36,2.325,2.393,2.376,2.327,2.196,2.086,2.038,2.004,1.964,1.931,1.902,1.871,1.833,1.8,1.762,1.74,1.713,1.682,1.665,1.643,1.633,1.61,1.587,1.568,1.55,1.531,1.512
Saint Lucia,6.967,6.931,6.88,6.821,6.758,6.688,6.607,6.508,6.387,6.249,6.101,5.953,5.813,5.686,5.571,5.462,5.347,5.216,5.064,4.891,4.703,4.512,4.328,4.161,4.014,3.888,3.781,3.683,3.589,3.495,3.399,3.302,3.203,3.104,3.001,2.892,2.772,2.641,2.499,2.35,2.202,2.06,1.933,1.826,1.74,1.675,1.63,1.598,1.574,1.555,1.538,1.522,1.508,1.496,1.485,1.473,1.461,1.448,1.436,1.424,1.411,1.399,1.387
Saint Vincent and the Grenadines,7.286,7.227,7.13,7.022,6.928,6.823,6.71,6.594,6.449,6.276,6.087,5.887,5.678,5.459,5.22,4.975,4.729,4.498,4.334,4.158,3.905,3.814,3.723,3.569,3.333,3.159,3.015,2.927,2.862,2.836,2.825,2.823,2.829,2.802,2.74,2.665,2.569,2.489,2.416,2.375,2.34,2.298,2.215,2.14,2.087,2.065,2.055,2.081,2.137,2.154,2.133,2.101,2.12,2.112,2.12,2.099,2.025,1.932,1.873,1.838,1.814,1.797,1.778
Suriname,6.608,6.594,6.558,6.497,6.412,6.304,6.182,6.053,5.922,5.79,5.653,5.504,5.336,5.148,4.945,4.734,4.526,4.332,4.161,4.015,3.895,3.798,3.715,3.64,3.57,3.505,3.445,3.391,3.345,3.304,3.267,3.231,3.195,3.156,3.115,3.072,3.03,2.99,2.955,2.923,2.895,2.868,2.84,2.811,2.781,2.749,2.717,2.687,2.659,2.633,2.61,2.587,2.565,2.543,2.519,2.494,2.469,2.443,2.418,2.394,2.371,2.348,2.322
Trinidad and Tobago,5.345,5.301,5.219,5.058,4.851,4.59,4.292,4.061,3.921,3.646,3.603,3.597,3.596,3.475,3.338,3.236,3.187,3.169,3.206,3.235,3.238,3.265,3.236,3.167,3.073,3.064,2.978,2.837,2.682,2.523,2.382,2.282,2.205,2.101,2.023,1.931,1.874,1.822,1.797,1.788,1.769,1.746,1.718,1.705,1.685,1.68,1.692,1.709,1.713,1.69,1.701,1.713,1.711,1.703,1.693,1.682,1.678,1.662,1.651,1.643,1.631,1.626,1.614
Turks and Caicos Islands,5.79,5.777,5.746,5.719,5.655,5.603,5.59,5.581,5.597,5.489,5.395,5.303,5.212,5.116,5.01,4.926,4.839,4.758,4.677,4.619,4.551,4.421,4.275,4.137,4.033,3.944,3.83,3.709,3.597,3.505,3.438,3.361,3.268,3.173,3.087,2.992,2.896,2.808,2.721,2.621,2.511,2.416,2.322,2.225,2.128,2.037,1.953,1.876,1.808,1.736,1.686,1.693,1.694,1.676,1.653,1.67,1.722,1.741,1.723,1.692,1.679,1.669,1.658
United States Virgin Islands,5.445,4.893,4.929,4.648,5.016,5.113,4.568,4.866,4.744,4.667,5.127,4.898,4.639,4.142,3.863,3.627,3.424,3.268,3.304,3.025,3.094,2.89,2.952,2.996,2.847,2.821,2.74,2.845,2.804,2.95,2.99,3.102,3.204,3.096,3.044,2.717,2.559,2.727,2.501,2.377,2.303,2.403,2.299,2.191,2.266,2.247,2.438,2.5,2.626,2.551,2.481,2.338,2.254,2.237,2.224,2.218,2.206,2.194,2.176,2.162,2.15,2.128,2.11
Uruguay,2.827,2.846,2.866,2.884,2.863,2.84,2.819,2.784,2.771,2.753,2.698,2.77,2.816,2.856,2.959,3.018,3.008,2.896,2.826,2.712,2.587,2.562,2.53,2.492,2.476,2.48,2.472,2.416,2.506,2.516,2.433,2.446,2.423,2.397,2.415,2.401,2.364,2.328,2.262,2.22,2.168,2.132,2.142,2.101,2.09,2.097,2.07,2.048,2.03,2.018,2.011,2.008,2.006,2.01,1.998,2.023,1.945,1.796,1.658,1.546,1.477,1.493,1.483
Venezuela,6.358,6.298,6.231,6.155,6.071,5.977,5.87,5.748,5.614,5.469,5.321,5.174,5.035,4.906,4.791,4.686,4.589,4.494,4.397,4.298,4.2,4.104,4.014,3.933,3.861,3.794,3.73,3.665,3.597,3.524,3.448,3.37,3.292,3.218,3.147,3.082,3.022,2.967,2.915,2.867,2.822,2.779,2.739,2.701,2.664,2.629,2.595,2.562,2.53,2.5,2.471,2.444,2.417,2.39,2.365,2.34,2.317,2.294,2.272,2.25,2.23,2.211,2.188
Albania,6.455,6.353,6.207,6.047,5.849,5.623,5.465,5.404,5.338,5.258,5.111,5.015,4.898,4.764,4.642,4.524,4.34,4.136,3.946,3.763,3.614,3.509,3.452,3.361,3.296,3.205,3.116,3.061,3.004,2.942,2.9,2.826,2.767,2.707,2.707,2.685,2.615,2.497,2.397,2.318,2.231,2.15,2.036,1.978,1.89,1.803,1.724,1.671,1.648,1.647,1.656,1.671,1.692,1.697,1.674,1.613,1.551,1.491,1.44,1.414,1.4,1.39,1.376
Andorra,2.543,2.577,2.598,2.631,2.67,2.71,2.752,2.783,2.799,2.816,2.825,2.832,2.847,2.802,2.733,2.604,2.191,1.973,1.768,1.609,1.971,1.815,1.964,1.686,1.328,1.379,1.39,1.294,1.354,1.359,1.25,1.309,1.352,1.26,1.202,1.172,1.186,1.242,1.25,1.381,1.263,1.338,1.359,1.2,1.271,1.291,1.292,1.247,1.404,1.356,1.429,1.365,1.302,1.197,1.255,1.352,1.327,1.216,1.173,1.172,1.177,1.125,1.135
Austria,2.695,2.782,2.798,2.818,2.789,2.701,2.661,2.619,2.582,2.483,2.295,2.198,2.083,1.941,1.903,1.823,1.691,1.63,1.598,1.6,1.65,1.672,1.656,1.564,1.521,1.475,1.449,1.434,1.446,1.446,1.46,1.505,1.517,1.501,1.464,1.435,1.448,1.395,1.371,1.343,1.358,1.336,1.386,1.378,1.415,1.407,1.407,1.387,1.412,1.399,1.435,1.432,1.439,1.438,1.463,1.491,1.526,1.517,1.477,1.465,1.44,1.47,1.474
Belarus,2.693,2.674,2.612,2.501,2.348,2.279,2.261,2.277,2.288,2.282,2.347,2.364,2.325,2.256,2.25,2.168,2.143,2.116,2.087,2.053,2.03,2.016,2.043,2.086,2.092,2.073,2.178,2.102,2.119,2.032,1.919,1.808,1.76,1.629,1.537,1.418,1.35,1.266,1.303,1.312,1.316,1.286,1.25,1.242,1.246,1.254,1.293,1.375,1.431,1.521,1.499,1.523,1.622,1.682,1.71,1.735,1.723,1.55,1.457,1.464,1.474,1.483,1.495
Belgium,2.542,2.63,2.598,2.676,2.709,2.614,2.517,2.408,2.3,2.274,2.251,2.207,2.086,1.95,1.833,1.741,1.727,1.709,1.695,1.692,1.681,1.665,1.619,1.568,1.536,1.514,1.541,1.543,1.566,1.582,1.621,1.655,1.649,1.606,1.563,1.563,1.591,1.604,1.597,1.618,1.664,1.668,1.649,1.668,1.72,1.76,1.8,1.816,1.851,1.84,1.858,1.817,1.797,1.757,1.74,1.699,1.684,1.649,1.622,1.587,1.565,1.583,1.588
Bulgaria,2.311,2.289,2.222,2.21,2.164,2.077,2.03,2.032,2.265,2.268,2.176,2.104,2.036,2.151,2.284,2.231,2.242,2.206,2.155,2.144,2.057,2.006,2.012,2.006,2.006,1.978,2.011,1.965,1.967,1.904,1.81,1.645,1.546,1.461,1.361,1.24,1.223,1.1,1.12,1.229,1.261,1.215,1.23,1.254,1.323,1.366,1.435,1.489,1.56,1.635,1.571,1.513,1.499,1.486,1.531,1.535,1.545,1.558,1.558,1.575,1.581,1.586,1.59
Croatia,2.232,2.218,2.196,2.171,2.173,2.211,2.193,2.107,2.026,1.953,1.917,1.961,1.992,1.998,1.977,1.956,1.942,1.946,1.946,1.934,1.92,1.913,1.896,1.878,1.857,1.815,1.764,1.733,1.695,1.632,1.628,1.549,1.45,1.507,1.545,1.627,1.75,1.798,1.561,1.497,1.466,1.455,1.424,1.41,1.432,1.497,1.467,1.486,1.55,1.582,1.546,1.486,1.508,1.461,1.454,1.403,1.421,1.422,1.466,1.468,1.462,1.452,1.445
Czech Republic,2.096,2.112,2.126,2.305,2.335,2.181,2.024,1.91,1.844,1.875,1.919,1.995,2.098,2.309,2.46,2.433,2.389,2.342,2.329,2.269,2.081,2,1.999,1.969,1.968,1.952,1.92,1.911,1.919,1.877,1.897,1.855,1.719,1.656,1.44,1.28,1.189,1.178,1.157,1.135,1.155,1.148,1.171,1.181,1.231,1.299,1.34,1.445,1.508,1.511,1.509,1.433,1.452,1.459,1.527,1.57,1.629,1.683,1.707,1.71,1.706,1.699,1.698
Denmark,2.543,2.55,2.553,2.66,2.599,2.612,2.616,2.353,2.12,2.001,1.971,2.04,2.026,1.93,1.899,1.91,1.75,1.663,1.664,1.601,1.539,1.44,1.419,1.378,1.401,1.445,1.479,1.498,1.559,1.619,1.666,1.686,1.759,1.756,1.801,1.801,1.751,1.75,1.724,1.735,1.766,1.744,1.727,1.757,1.781,1.8,1.843,1.846,1.881,1.842,1.86,1.756,1.725,1.663,1.689,1.715,1.777,1.747,1.728,1.7,1.699,1.719,1.719
Estonia,1.983,1.983,1.957,1.902,1.935,1.886,1.875,1.906,2.029,2.125,2.169,2.185,2.132,2.066,2.067,2.045,2.064,2.058,2.02,2.003,2.018,2.072,2.087,2.158,2.172,2.132,2.18,2.267,2.272,2.213,2.043,1.809,1.698,1.495,1.419,1.379,1.368,1.317,1.286,1.301,1.349,1.32,1.356,1.369,1.468,1.517,1.586,1.683,1.718,1.702,1.713,1.616,1.562,1.525,1.54,1.577,1.603,1.597,1.667,1.673,1.677,1.676,1.676
Faroe Islands,3.792,3.663,3.717,3.758,3.816,3.902,3.855,3.806,3.735,3.479,3.413,3.221,3.254,3.218,3.065,2.902,2.74,2.681,2.604,2.685,2.471,2.463,2.342,2.167,2.171,2.282,2.403,2.377,2.569,2.706,2.789,2.629,2.526,2.505,2.398,2.458,2.578,2.502,2.34,2.336,2.563,2.354,2.549,2.542,2.59,2.631,2.509,2.565,2.572,2.39,2.501,2.329,2.56,2.538,2.555,2.425,2.666,2.765,2.511,2.78,2.796,2.775,2.74
Finland,2.72,2.685,2.682,2.68,2.592,2.468,2.402,2.318,2.137,1.931,1.824,1.696,1.577,1.5,1.609,1.678,1.71,1.678,1.651,1.636,1.63,1.646,1.713,1.733,1.693,1.642,1.598,1.593,1.686,1.711,1.779,1.796,1.842,1.82,1.843,1.807,1.775,1.74,1.714,1.733,1.728,1.718,1.718,1.752,1.796,1.798,1.833,1.83,1.845,1.862,1.864,1.828,1.803,1.748,1.708,1.648,1.567,1.488,1.408,1.357,1.37,1.389,1.397
France,2.732,2.797,2.778,2.885,2.889,2.828,2.774,2.658,2.584,2.541,2.5,2.525,2.453,2.31,2.14,1.949,1.855,1.88,1.846,1.877,1.958,1.958,1.921,1.801,1.812,1.821,1.84,1.811,1.809,1.792,1.782,1.77,1.732,1.663,1.663,1.708,1.726,1.721,1.776,1.809,1.876,1.879,1.865,1.873,1.898,1.916,1.974,1.952,1.987,1.99,2.018,1.995,1.99,1.972,1.975,1.927,1.891,1.861,1.843,1.83,1.791,1.79,1.788
Germany,2.385,2.455,2.471,2.515,2.517,2.492,2.495,2.44,2.339,2.196,2.036,1.935,1.732,1.569,1.517,1.484,1.49,1.496,1.493,1.501,1.538,1.522,1.49,1.431,1.393,1.385,1.415,1.441,1.458,1.442,1.438,1.346,1.306,1.285,1.247,1.25,1.315,1.363,1.357,1.363,1.38,1.35,1.342,1.341,1.356,1.341,1.335,1.369,1.38,1.358,1.392,1.388,1.41,1.42,1.473,1.506,1.59,1.577,1.56,1.54,1.519,1.53,1.533
Gibraltar,3.012,3.177,3.517,3.999,3.819,3.924,3.349,2.898,2.802,2.78,2.794,2.79,2.717,2.668,2.637,2.618,2.612,2.635,2.666,2.729,2.799,2.725,2.643,2.566,2.512,2.469,2.442,2.422,2.411,2.421,2.443,2.464,2.484,2.498,2.518,2.536,2.52,2.335,2.178,2.041,1.919,1.8,1.666,1.659,1.678,1.697,1.713,1.736,1.762,1.797,1.838,1.872,1.893,1.834,2.014,2.186,1.94,1.895,1.879,1.863,1.855,1.848,1.837
Greece,2.307,2.257,2.263,2.262,2.321,2.352,2.417,2.495,2.495,2.467,2.47,2.431,2.41,2.386,2.444,2.437,2.432,2.392,2.384,2.367,2.316,2.203,2.119,2.02,1.902,1.78,1.692,1.614,1.568,1.513,1.486,1.468,1.454,1.428,1.413,1.391,1.374,1.354,1.331,1.319,1.328,1.32,1.322,1.319,1.332,1.349,1.38,1.403,1.453,1.467,1.445,1.383,1.329,1.28,1.271,1.286,1.315,1.31,1.314,1.317,1.362,1.371,1.373
Hungary,2.022,1.937,1.799,1.819,1.815,1.824,1.889,2.01,2.06,2.037,1.981,1.932,1.926,1.944,2.293,2.345,2.237,2.167,2.068,2.009,1.916,1.874,1.796,1.748,1.759,1.843,1.839,1.821,1.81,1.819,1.864,1.85,1.773,1.686,1.638,1.566,1.453,1.376,1.325,1.287,1.316,1.309,1.302,1.275,1.284,1.307,1.336,1.32,1.343,1.318,1.254,1.242,1.333,1.357,1.433,1.449,1.526,1.541,1.545,1.549,1.567,1.578,1.581
Iceland,4.258,3.891,3.979,3.991,3.879,3.729,3.574,3.285,3.068,2.981,2.821,2.922,3.085,2.939,2.665,2.643,2.52,2.32,2.352,2.485,2.475,2.335,2.278,2.24,2.082,1.938,1.927,2.06,2.244,2.202,2.294,2.189,2.212,2.222,2.143,2.084,2.119,2.041,2.044,2,2.071,1.957,1.937,1.989,2.038,2.045,2.078,2.09,2.155,2.225,2.19,2.026,2.036,1.938,1.928,1.808,1.745,1.711,1.713,1.746,1.745,1.733,1.725
Ireland,3.778,3.786,3.918,4.015,4.069,4.035,3.936,3.837,3.771,3.829,3.853,3.929,3.826,3.708,3.584,3.371,3.287,3.244,3.213,3.215,3.203,3.057,2.941,2.739,2.586,2.484,2.436,2.318,2.171,2.08,2.107,2.076,1.991,1.9,1.848,1.845,1.884,1.932,1.939,1.901,1.893,1.936,1.966,1.957,1.926,1.867,1.912,2.003,2.057,2.064,2.056,2.026,1.985,1.939,1.904,1.857,1.809,1.772,1.806,1.777,1.772,1.768,1.763
Isle of Man,2.875,2.772,2.661,2.69,2.693,2.663,2.588,2.497,2.433,2.379,2.979,2.95,2.908,2.62,2.324,2.054,2.005,1.963,1.939,1.929,1.91,1.905,1.887,1.878,1.87,1.871,1.878,1.889,1.895,1.909,1.924,1.925,1.826,1.823,1.9,1.822,1.717,1.812,1.9,1.798,1.694,1.778,1.853,1.767,1.762,1.851,1.894,1.939,2.066,2.19,2.17,1.956,1.885,1.853,1.737,1.711,1.691,1.677,1.621,1.614,1.569,1.564,1.571
Italy,2.378,2.421,2.454,2.514,2.653,2.603,2.578,2.504,2.492,2.465,2.39,2.397,2.349,2.31,2.286,2.168,2.044,1.935,1.84,1.732,1.64,1.578,1.56,1.506,1.458,1.415,1.353,1.331,1.357,1.329,1.332,1.305,1.298,1.251,1.216,1.192,1.198,1.212,1.214,1.237,1.254,1.251,1.268,1.289,1.338,1.343,1.371,1.399,1.441,1.446,1.45,1.434,1.424,1.384,1.366,1.347,1.338,1.319,1.286,1.265,1.261,1.283,1.29
Kosovo,6.359,6.35,6.331,6.296,6.126,5.927,5.737,5.777,5.745,5.857,5.503,5.674,5.616,5.417,5.473,5.249,5.272,4.961,4.69,4.493,4.909,4.458,4.731,4.656,4.594,4.308,4.166,3.753,3.948,3.64,3.647,3.441,2.871,2.728,2.603,2.6,2.599,2.571,2.589,2.641,2.66,2.622,2.533,2.28,2.461,2.609,2.429,2.357,2.444,2.437,2.426,1.992,2.001,2.098,1.871,1.751,1.658,1.649,1.605,1.546,1.529,1.522,1.51
Latvia,1.949,1.954,1.922,1.87,1.81,1.74,1.787,1.841,1.897,1.936,2.009,2.039,2.025,1.967,1.991,1.963,1.927,1.885,1.866,1.871,1.897,1.902,1.983,2.124,2.141,2.1,2.198,2.204,2.156,2.045,1.993,1.856,1.736,1.529,1.406,1.274,1.182,1.133,1.12,1.18,1.242,1.226,1.257,1.316,1.299,1.383,1.46,1.534,1.572,1.466,1.37,1.343,1.44,1.526,1.642,1.698,1.733,1.691,1.617,1.61,1.575,1.583,1.585
Liechtenstein,2.68,2.708,2.751,2.81,2.889,2.959,2.8,2.471,2.181,2.105,2.059,2.005,1.957,1.927,1.893,1.866,1.875,1.873,1.839,1.584,1.606,1.601,1.53,1.476,1.467,1.461,1.434,1.458,1.458,1.463,1.469,1.473,1.444,1.413,1.41,1.405,1.496,1.554,1.57,1.597,1.583,1.527,1.468,1.375,1.447,1.484,1.432,1.426,1.449,1.676,1.437,1.66,1.515,1.463,1.573,1.426,1.589,1.459,1.567,1.485,1.491,1.495,1.492
Lithuania,2.629,2.594,2.479,2.373,2.31,2.264,2.271,2.285,2.316,2.349,2.4,2.412,2.344,2.224,2.205,2.181,2.166,2.135,2.085,2.045,1.992,1.98,1.974,2.091,2.077,2.088,2.133,2.109,2.019,1.987,2.029,2.008,1.96,1.74,1.579,1.548,1.495,1.467,1.459,1.456,1.386,1.28,1.237,1.262,1.275,1.294,1.326,1.365,1.447,1.499,1.503,1.547,1.592,1.588,1.63,1.698,1.687,1.633,1.634,1.614,1.618,1.622,1.622
Luxembourg,2.289,2.313,2.262,2.313,2.366,2.396,2.351,2.238,2.123,2.019,1.972,1.947,1.748,1.583,1.577,1.548,1.488,1.499,1.484,1.479,1.498,1.547,1.492,1.437,1.421,1.393,1.427,1.408,1.516,1.526,1.598,1.619,1.648,1.703,1.721,1.713,1.763,1.717,1.688,1.74,1.756,1.661,1.629,1.622,1.658,1.631,1.644,1.611,1.606,1.591,1.62,1.535,1.571,1.548,1.499,1.464,1.414,1.394,1.381,1.348,1.379,1.388,1.393
North Macedonia,3.967,3.809,3.682,3.611,3.56,3.516,3.432,3.332,3.219,3.101,2.965,2.863,2.772,2.69,2.636,2.592,2.543,2.487,2.448,2.429,2.417,2.423,2.438,2.402,2.356,2.318,2.286,2.272,2.234,2.202,2.185,2.189,2.12,2.098,2.224,2.131,2.061,1.916,1.894,1.775,1.861,1.735,1.789,1.744,1.529,1.461,1.459,1.461,1.475,1.519,1.549,1.468,1.506,1.49,1.517,1.498,1.497,1.437,1.418,1.351,1.357,1.363,1.374
Malta,4.007,3.589,3.464,3.052,2.875,2.499,2.32,2.225,2.101,2.04,2.074,2.112,2.013,2.065,2.072,2.162,2.139,2.141,2.063,2.095,1.995,1.894,2.1,2.021,1.957,1.948,1.93,1.97,2.057,2.095,2.04,2.001,2.062,1.958,1.841,1.786,1.975,1.929,1.833,1.732,1.674,1.493,1.458,1.479,1.399,1.377,1.362,1.357,1.42,1.413,1.373,1.445,1.428,1.364,1.378,1.374,1.369,1.27,1.24,1.16,1.171,1.178,1.199
Moldova,3.328,3.229,3.043,2.89,2.709,2.685,2.657,2.629,2.597,2.566,2.56,2.559,2.562,2.568,2.563,2.526,2.477,2.436,2.394,2.386,2.377,2.402,2.453,2.579,2.668,2.66,2.741,2.775,2.631,2.467,2.388,2.281,2.218,2.105,1.989,1.831,1.725,1.759,1.651,1.56,1.499,1.463,1.437,1.48,1.539,1.531,1.541,1.574,1.638,1.704,1.698,1.66,1.659,1.654,1.822,1.868,1.89,1.81,1.809,1.78,1.77,1.806,1.8
Monaco,2.889,2.91,2.919,2.919,2.911,2.877,2.822,2.756,2.679,2.596,2.507,2.532,2.458,2.31,2.144,1.954,1.861,1.886,1.851,1.881,1.962,1.962,1.924,1.806,1.815,1.826,1.843,1.816,1.813,1.794,1.783,1.771,1.733,1.665,1.666,1.709,1.726,1.72,1.778,1.812,1.898,2.042,1.942,1.899,1.956,1.968,2.048,2.091,2.2,2.203,2.211,2.108,2.151,2.147,2.247,2.229,2.258,2.148,2.213,2.163,2.122,2.111,2.091
Netherlands,3.124,3.211,3.175,3.177,3.161,3.018,2.891,2.811,2.718,2.742,2.572,2.362,2.15,1.909,1.775,1.667,1.63,1.591,1.59,1.567,1.596,1.558,1.497,1.469,1.49,1.512,1.552,1.559,1.551,1.557,1.613,1.612,1.594,1.575,1.569,1.536,1.539,1.572,1.627,1.655,1.719,1.712,1.731,1.744,1.725,1.709,1.718,1.72,1.77,1.788,1.792,1.758,1.721,1.678,1.707,1.661,1.66,1.62,1.587,1.576,1.59,1.64,1.637
Norway,2.869,2.937,2.891,2.924,2.976,2.943,2.901,2.808,2.753,2.693,2.519,2.488,2.384,2.232,2.137,1.984,1.865,1.765,1.768,1.751,1.723,1.704,1.707,1.659,1.659,1.678,1.711,1.749,1.843,1.887,1.93,1.918,1.887,1.863,1.868,1.871,1.889,1.859,1.827,1.847,1.854,1.789,1.76,1.798,1.828,1.841,1.9,1.905,1.955,1.976,1.939,1.882,1.849,1.782,1.754,1.727,1.705,1.625,1.568,1.537,1.499,1.503,1.507
Poland,3.03,2.86,2.755,2.721,2.617,2.527,2.42,2.336,2.302,2.271,2.261,2.258,2.248,2.261,2.269,2.283,2.309,2.24,2.213,2.252,2.249,2.21,2.303,2.384,2.357,2.323,2.22,2.16,2.131,2.076,2.05,2.067,1.953,1.854,1.802,1.629,1.586,1.51,1.442,1.373,1.365,1.315,1.251,1.225,1.228,1.244,1.274,1.311,1.387,1.399,1.408,1.336,1.331,1.293,1.327,1.324,1.387,1.474,1.475,1.448,1.453,1.459,1.461
Portugal,3.162,3.204,3.232,3.134,3.211,3.154,3.156,3.157,3.121,3.116,3.009,2.997,2.858,2.76,2.697,2.751,2.808,2.676,2.445,2.315,2.244,2.131,2.07,1.955,1.896,1.726,1.662,1.62,1.607,1.573,1.556,1.558,1.538,1.511,1.446,1.411,1.443,1.468,1.474,1.503,1.542,1.458,1.461,1.437,1.406,1.413,1.372,1.351,1.386,1.348,1.385,1.343,1.278,1.21,1.231,1.303,1.356,1.378,1.412,1.417,1.391,1.363,1.366
Romania,2.332,2.167,2.029,1.996,1.963,1.915,1.947,3.509,3.525,3.109,2.811,2.613,2.474,2.362,2.603,2.614,2.549,2.566,2.521,2.489,2.433,2.353,2.173,2.075,2.253,2.266,2.383,2.377,2.303,2.195,1.834,1.599,1.511,1.437,1.414,1.343,1.297,1.318,1.316,1.303,1.304,1.272,1.269,1.297,1.321,1.394,1.41,1.451,1.588,1.645,1.581,1.48,1.517,1.46,1.55,1.612,1.691,1.765,1.755,1.746,1.746,1.748,1.744
Russia,2.578,2.484,2.388,2.301,2.216,2.153,2.11,2.058,2.024,2.014,2.013,2.047,2.061,2.041,2.035,2.015,1.999,1.983,1.96,1.933,1.914,1.932,1.992,2.071,2.099,2.099,2.154,2.211,2.145,2.031,1.902,1.742,1.569,1.427,1.401,1.355,1.309,1.257,1.239,1.194,1.221,1.256,1.308,1.342,1.359,1.337,1.357,1.436,1.513,1.562,1.598,1.639,1.718,1.752,1.788,1.803,1.781,1.627,1.582,1.502,1.493,1.493,1.505
San Marino,2.433,2.691,2.517,2.486,2.457,2.423,2.42,2.414,2.392,2.396,2.38,2.371,2.311,2.262,2.175,2.101,1.98,1.882,1.769,1.616,1.505,1.389,1.279,1.228,1.178,1.153,1.135,1.133,1.153,1.177,1.197,1.202,1.204,1.201,1.24,1.284,1.332,1.368,1.401,1.438,1.416,1.523,1.441,1.42,1.409,1.204,1.242,1.254,1.514,1.355,1.459,1.458,1.287,1.491,1.308,1.23,1.148,1.056,1.081,1.102,1.122,1.13,1.138
Slovakia,3.039,2.959,2.837,2.92,2.891,2.784,2.66,2.486,2.391,2.426,2.412,2.43,2.489,2.564,2.611,2.546,2.541,2.489,2.473,2.448,2.325,2.287,2.28,2.283,2.261,2.252,2.195,2.138,2.131,2.069,2.082,2.042,1.932,1.864,1.671,1.527,1.47,1.427,1.375,1.327,1.294,1.205,1.189,1.21,1.248,1.268,1.261,1.274,1.343,1.433,1.432,1.442,1.353,1.35,1.375,1.407,1.48,1.521,1.544,1.565,1.568,1.566,1.574
Slovenia,2.185,2.27,2.276,2.269,2.305,2.432,2.465,2.37,2.253,2.174,2.109,2.157,2.165,2.204,2.125,2.175,2.201,2.166,2.196,2.215,2.11,1.961,1.924,1.812,1.75,1.715,1.669,1.653,1.627,1.526,1.465,1.421,1.338,1.33,1.319,1.293,1.282,1.25,1.231,1.217,1.251,1.214,1.212,1.202,1.246,1.264,1.319,1.388,1.521,1.536,1.574,1.565,1.58,1.551,1.577,1.577,1.586,1.617,1.605,1.611,1.589,1.627,1.628
Spain,2.783,2.755,2.775,2.844,2.961,2.888,2.868,2.913,2.866,2.86,2.829,2.897,2.871,2.84,2.873,2.768,2.765,2.654,2.542,2.37,2.214,2.04,1.931,1.8,1.724,1.639,1.555,1.494,1.447,1.397,1.359,1.327,1.308,1.255,1.195,1.156,1.145,1.148,1.131,1.168,1.216,1.232,1.252,1.294,1.318,1.331,1.361,1.386,1.445,1.383,1.375,1.35,1.325,1.279,1.317,1.331,1.335,1.308,1.262,1.234,1.236,1.278,1.286
Sweden,2.177,2.203,2.232,2.316,2.455,2.411,2.362,2.268,2.075,1.935,1.937,1.972,1.924,1.87,1.881,1.769,1.683,1.641,1.603,1.654,1.674,1.635,1.616,1.614,1.658,1.736,1.798,1.846,1.959,2.019,2.122,2.111,2.081,1.994,1.88,1.732,1.608,1.529,1.507,1.502,1.543,1.571,1.649,1.71,1.75,1.774,1.85,1.878,1.902,1.931,1.976,1.905,1.903,1.881,1.878,1.849,1.848,1.786,1.756,1.717,1.67,1.67,1.672
Switzerland,2.443,2.522,2.58,2.648,2.65,2.584,2.497,2.395,2.292,2.192,2.104,2.042,1.922,1.812,1.731,1.615,1.55,1.533,1.508,1.521,1.55,1.543,1.55,1.52,1.526,1.515,1.528,1.52,1.565,1.565,1.577,1.583,1.573,1.51,1.488,1.479,1.499,1.478,1.476,1.481,1.488,1.388,1.387,1.385,1.412,1.418,1.435,1.455,1.481,1.495,1.519,1.516,1.523,1.516,1.536,1.542,1.543,1.521,1.515,1.488,1.492,1.495,1.498
Ukraine,2.239,2.175,2.136,2.058,1.968,1.985,2.019,2.017,1.984,2.012,2.046,2.105,2.082,2.002,2.018,2.002,1.988,1.947,1.962,1.96,1.938,1.94,2.037,2.097,2.058,2.068,2.086,2.082,2.057,1.937,1.854,1.84,1.771,1.674,1.559,1.402,1.333,1.27,1.206,1.126,1.109,1.09,1.127,1.172,1.214,1.22,1.298,1.341,1.441,1.47,1.435,1.475,1.527,1.517,1.511,1.517,1.477,1.381,1.304,1.229,1.217,1.251,1.265
United Kingdom,2.742,2.821,2.9,2.929,2.981,2.895,2.797,2.703,2.624,2.517,2.437,2.402,2.196,2.031,1.92,1.809,1.74,1.69,1.753,1.859,1.89,1.817,1.778,1.766,1.766,1.789,1.781,1.809,1.82,1.795,1.829,1.816,1.793,1.759,1.738,1.71,1.723,1.721,1.711,1.683,1.641,1.626,1.634,1.699,1.747,1.759,1.811,1.864,1.904,1.892,1.917,1.911,1.909,1.831,1.813,1.809,1.796,1.742,1.681,1.629,1.561,1.562,1.566
Montenegro,3.498,3.481,3.443,3.368,3.268,3.164,3.051,2.909,2.811,2.758,2.678,2.671,2.624,2.541,2.462,2.397,2.345,2.291,2.238,2.207,2.216,2.2,2.178,2.15,2.095,2.025,2.039,2.04,1.993,1.95,1.944,1.995,2.001,1.969,1.959,1.967,1.944,1.928,1.952,1.994,2.065,1.854,1.801,1.861,1.751,1.694,1.732,1.798,1.891,1.964,1.708,1.658,1.716,1.731,1.752,1.739,1.787,1.778,1.759,1.76,1.706,1.691,1.677
Serbia,2.113,2.073,2.015,2.029,1.995,2.055,1.998,1.975,1.939,1.925,1.823,1.741,1.826,1.827,1.849,1.879,1.9,1.873,1.868,1.833,1.87,1.756,1.837,1.829,1.898,1.839,1.82,1.834,1.832,1.733,1.743,1.73,1.678,1.702,1.66,1.686,1.644,1.559,1.195,1.257,1.391,1.526,1.528,1.505,1.355,1.291,1.228,1.252,1.317,1.339,1.395,1.403,1.445,1.43,1.46,1.46,1.461,1.484,1.487,1.517,1.521,1.528,1.529
Algeria,7.503,7.564,7.607,7.649,7.673,7.679,7.672,7.667,7.655,7.653,7.635,7.6,7.546,7.491,7.44,7.373,7.306,7.23,7.14,7.059,6.952,6.808,6.635,6.436,6.219,5.975,5.625,5.327,5.059,4.826,4.556,4.386,4.257,4.059,3.846,3.456,3.136,2.897,2.712,2.624,2.566,2.507,2.456,2.481,2.512,2.555,2.604,2.677,2.753,2.813,2.843,2.88,2.956,2.957,3.004,3.041,3.051,3.05,3.023,2.988,2.942,2.889,2.829
Angola,6.708,6.79,6.872,6.954,7.036,7.116,7.194,7.267,7.332,7.388,7.434,7.467,7.488,7.498,7.5,7.494,7.485,7.475,7.467,7.461,7.459,7.459,7.461,7.462,7.459,7.451,7.435,7.409,7.373,7.328,7.272,7.208,7.138,7.065,6.99,6.918,6.851,6.789,6.732,6.683,6.639,6.601,6.567,6.533,6.499,6.461,6.419,6.372,6.32,6.26,6.194,6.12,6.039,5.953,5.864,5.774,5.686,5.6,5.519,5.442,5.371,5.304,5.209
Benin,6.282,6.402,6.457,6.51,6.565,6.606,6.638,6.65,6.683,6.712,6.743,6.788,6.824,6.831,6.842,6.851,6.857,6.854,6.843,6.911,6.99,7.052,7.051,7.034,7.018,6.985,6.948,6.896,6.847,6.797,6.732,6.667,6.596,6.506,6.413,6.314,6.261,6.204,6.097,5.998,5.89,5.824,5.777,5.77,5.721,5.676,5.636,5.563,5.483,5.436,5.39,5.366,5.347,5.345,5.348,5.319,5.303,5.269,5.199,5.13,5.048,4.973,4.895
Botswana,6.628,6.597,6.571,6.632,6.688,6.687,6.692,6.678,6.668,6.639,6.617,6.592,6.593,6.593,6.593,6.578,6.556,6.495,6.435,6.358,6.253,6.128,5.933,5.746,5.582,5.427,5.27,5.06,4.852,4.651,4.487,4.339,4.229,4.13,4.009,3.803,3.6,3.458,3.396,3.342,3.312,3.261,3.181,3.11,3.073,3.08,3.091,3.082,3.066,3.045,3.023,2.999,2.981,2.964,2.951,2.942,2.93,2.91,2.903,2.883,2.836,2.791,2.754
Burkina Faso,6.248,6.286,6.322,6.356,6.419,6.471,6.527,6.585,6.645,6.664,6.685,6.698,6.719,6.77,6.842,6.913,6.952,7.046,7.148,7.194,7.222,7.256,7.253,7.251,7.245,7.242,7.218,7.168,7.109,7.047,7.009,6.973,6.936,6.889,6.843,6.814,6.779,6.724,6.661,6.586,6.519,6.431,6.339,6.28,6.216,6.182,6.17,6.11,6.05,5.992,5.936,5.869,5.793,5.697,5.595,5.478,5.324,5.162,5.069,4.971,4.869,4.772,4.665
Burundi,7.003,7.023,7.038,7.067,7.09,7.113,7.135,7.156,7.18,7.215,7.214,7.213,7.21,7.215,7.222,7.244,7.248,7.245,7.259,7.307,7.353,7.329,7.314,7.298,7.295,7.294,7.32,7.38,7.383,7.387,7.365,7.336,7.301,7.272,7.23,7.184,7.123,7.04,6.958,6.897,6.872,6.849,6.819,6.785,6.746,6.708,6.659,6.588,6.515,6.409,6.26,6.108,5.991,5.889,5.794,5.695,5.587,5.481,5.38,5.271,5.177,5.078,4.98
Cameroon,5.647,5.705,5.766,5.828,5.89,5.949,6.004,6.058,6.108,6.143,6.198,6.255,6.282,6.305,6.337,6.393,6.449,6.52,6.562,6.613,6.658,6.636,6.617,6.605,6.585,6.584,6.588,6.563,6.5,6.437,6.392,6.347,6.29,6.194,6.082,5.955,5.828,5.723,5.668,5.629,5.53,5.443,5.458,5.463,5.45,5.407,5.354,5.331,5.278,5.227,5.16,5.058,4.989,4.914,4.855,4.832,4.818,4.774,4.694,4.623,4.543,4.463,4.383
Cape Verde,6.885,6.922,6.953,6.976,6.989,6.993,6.99,6.982,6.97,6.954,6.935,6.913,6.887,6.855,6.818,6.771,6.714,6.645,6.564,6.473,6.375,6.273,6.17,6.068,5.97,5.875,5.784,5.695,5.603,5.504,5.392,5.259,5.102,4.921,4.72,4.505,4.287,4.074,3.876,3.697,3.539,3.399,3.271,3.151,3.038,2.933,2.839,2.757,2.687,2.629,2.474,2.471,2.282,2.198,2.17,2.117,2.123,2.091,1.964,1.932,1.908,1.896,1.879
Central African Republic,5.814,5.828,5.851,5.868,5.906,5.941,5.983,6.015,6.06,6.037,6.002,5.986,5.96,5.928,5.911,5.889,5.932,5.968,6.018,6.071,6.106,6.139,6.141,6.124,6.111,6.106,6.093,6.102,6.081,6.06,6.045,6.032,5.975,5.94,5.933,5.972,5.989,5.96,5.934,5.933,5.915,5.851,5.836,5.852,5.827,5.849,5.867,5.892,5.914,5.922,5.937,5.963,6.006,6.017,6.024,6.035,6.04,6.048,6.037,6.008,5.985,5.978,5.918
Chad,6.25,6.268,6.285,6.301,6.318,6.337,6.362,6.393,6.432,6.477,6.528,6.582,6.85,6.869,6.864,6.876,6.893,6.896,6.891,6.905,6.908,6.942,6.961,6.979,7.015,7.037,7.067,7.105,7.154,7.186,7.219,7.261,7.296,7.337,7.31,7.29,7.292,7.274,7.266,7.262,7.249,7.231,7.201,7.179,7.16,7.134,7.118,7.092,7.063,7.021,6.99,6.948,6.905,6.839,6.781,6.706,6.623,6.537,6.464,6.412,6.346,6.255,6.215
Comoros,6.792,6.849,6.897,6.939,6.975,7.004,7.027,7.044,7.055,7.06,7.061,7.098,7.119,7.142,7.134,7.121,7.114,7.101,7.097,7.104,7.082,7.077,7.067,7.046,7.011,6.96,6.894,6.817,6.725,6.618,6.497,6.358,6.205,6.052,5.897,5.784,5.69,5.593,5.492,5.372,5.297,5.254,5.206,5.149,5.095,5.03,4.955,4.882,4.826,4.791,4.759,4.721,4.641,4.568,4.492,4.418,4.348,4.278,4.196,4.125,4.052,3.978,3.912
Congo,6.085,6.093,6.099,6.147,6.183,6.229,6.267,6.29,6.327,6.35,6.376,6.416,6.444,6.42,6.39,6.356,6.317,6.271,6.21,6.143,6.065,5.984,5.898,5.811,5.725,5.645,5.571,5.487,5.395,5.305,5.214,5.16,5.111,5.057,5,4.973,4.966,4.962,4.926,4.853,4.764,4.712,4.719,4.7,4.687,4.663,4.656,4.666,4.733,4.792,4.822,4.791,4.75,4.691,4.626,4.564,4.487,4.433,4.367,4.296,4.234,4.171,4.095
Democratic Republic of the Congo,6.08,6.107,6.132,6.157,6.183,6.211,6.237,6.268,6.298,6.319,6.343,6.378,6.402,6.411,6.416,6.424,6.425,6.429,6.441,6.456,6.465,6.486,6.498,6.548,6.599,6.646,6.693,6.741,6.73,6.735,6.702,6.685,6.667,6.644,6.668,6.712,6.72,6.729,6.73,6.721,6.718,6.7,6.672,6.64,6.618,6.597,6.59,6.582,6.578,6.591,6.587,6.582,6.559,6.527,6.483,6.437,6.392,6.349,6.302,6.253,6.206,6.156,6.106
C?te d'Ivoire,7.691,7.72,7.75,7.781,7.811,7.841,7.868,7.893,7.912,7.927,7.936,7.941,7.942,7.939,7.929,7.91,7.877,7.828,7.669,7.628,7.587,7.541,7.487,7.423,7.349,7.265,7.184,7.078,6.963,6.844,6.73,6.606,6.456,6.306,6.161,6.089,6.005,5.951,5.896,5.847,5.814,5.756,5.705,5.642,5.545,5.46,5.376,5.296,5.221,5.152,5.088,5.029,4.974,4.92,4.867,4.813,4.759,4.742,4.611,4.538,4.472,4.418,4.342
Djibouti,6.828,6.829,6.836,6.837,6.846,6.845,6.854,6.846,6.852,6.847,6.857,6.858,6.853,6.823,6.8,6.769,6.73,6.694,6.654,6.607,6.553,6.491,6.443,6.387,6.328,6.263,6.219,6.171,6.117,6.055,5.982,5.877,5.774,5.663,5.529,5.34,5.153,4.957,4.777,4.67,4.578,4.496,4.379,4.247,4.113,3.992,3.855,3.724,3.589,3.487,3.39,3.305,3.237,3.178,3.112,3.066,3.011,2.972,2.929,2.891,2.848,2.804,2.757
Egypt,6.794,6.779,6.755,6.718,6.643,6.518,6.433,6.357,6.286,6.195,6.119,6.031,5.971,5.888,5.835,5.799,5.765,5.739,5.717,5.701,5.578,5.442,5.371,5.334,5.239,5.16,5.07,4.989,4.871,4.685,4.484,4.304,4.253,4.103,3.967,3.844,3.733,3.654,3.617,3.524,3.442,3.394,3.318,3.261,3.181,3.151,3.109,3.12,3.101,3.108,3.213,3.247,3.335,3.419,3.441,3.436,3.203,3.151,3.098,3.001,2.96,2.917,2.878
Equatorial Guinea,5.653,5.661,5.673,5.69,5.711,5.734,5.756,5.776,5.791,5.802,5.808,5.808,5.805,5.8,5.795,5.791,5.791,5.795,5.804,5.817,5.835,5.856,5.88,5.903,5.926,5.946,5.962,5.974,5.982,5.986,5.987,5.985,5.984,5.981,5.978,5.971,5.96,5.941,5.914,5.878,5.834,5.785,5.731,5.675,5.618,5.559,5.498,5.433,5.363,5.288,5.209,5.126,5.04,4.952,4.863,4.774,4.686,4.599,4.513,4.429,4.346,4.266,4.17
Eritrea,6.483,6.474,6.496,6.481,6.487,6.494,6.497,6.504,6.503,6.503,6.541,6.541,6.538,6.548,6.567,6.586,6.603,6.608,6.607,6.621,6.614,6.622,6.634,6.646,6.623,6.587,6.555,6.52,6.467,6.413,6.338,6.242,6.156,6.069,6.005,5.939,5.841,5.743,5.633,5.516,5.397,5.306,5.233,5.143,5.036,4.934,4.881,4.812,4.737,4.656,4.571,4.486,4.407,4.335,4.273,4.217,4.164,4.112,4.056,3.997,3.933,3.867,3.786
Ethiopia,6.88,6.877,6.875,6.872,6.867,6.864,6.867,6.88,6.903,6.937,6.978,7.02,7.06,7.094,7.121,7.143,7.188,7.255,7.296,7.31,7.334,7.357,7.372,7.383,7.4,7.378,7.359,7.338,7.303,7.271,7.238,7.207,7.157,7.125,7.076,7.008,6.923,6.85,6.753,6.646,6.56,6.463,6.374,6.24,6.107,5.973,5.853,5.74,5.571,5.39,5.217,5.05,4.883,4.724,4.609,4.531,4.469,4.39,4.343,4.323,4.243,4.159,4.063
Gabon,4.422,4.504,4.587,4.649,4.713,4.785,4.861,4.919,4.984,5.049,5.097,5.163,5.237,5.287,5.327,5.391,5.457,5.516,5.568,5.608,5.664,5.726,5.74,5.759,5.733,5.713,5.688,5.667,5.623,5.55,5.459,5.373,5.289,5.186,5.044,4.884,4.742,4.657,4.576,4.502,4.469,4.417,4.36,4.299,4.252,4.21,4.17,4.142,4.118,4.138,4.153,4.151,4.086,4.019,3.953,3.889,3.817,3.752,3.679,3.615,3.548,3.491,3.46
Gambia,6.246,6.228,6.213,6.202,6.195,6.192,6.183,6.206,6.221,6.246,6.257,6.275,6.321,6.367,6.382,6.405,6.433,6.429,6.421,6.41,6.404,6.4,6.388,6.378,6.365,6.344,6.332,6.293,6.261,6.238,6.218,6.173,6.105,6.043,6.037,6.008,5.956,5.922,5.93,5.871,5.801,5.752,5.728,5.699,5.705,5.719,5.757,5.734,5.708,5.685,5.669,5.64,5.586,5.51,5.416,5.314,5.197,5.091,4.972,4.869,4.777,4.684,4.586
Ghana,6.847,6.886,6.947,6.98,6.931,6.89,6.875,6.91,6.911,6.961,6.953,6.937,6.907,6.871,6.827,6.77,6.723,6.679,6.611,6.559,6.52,6.474,6.377,6.311,6.24,6.193,6.145,6.086,5.96,5.829,5.712,5.587,5.465,5.362,5.19,5.067,4.931,4.865,4.836,4.838,4.854,4.794,4.723,4.627,4.531,4.538,4.41,4.307,4.25,4.214,4.206,4.193,4.183,4.136,4.05,4.05,3.911,3.713,3.731,3.683,3.623,3.563,3.507
Guinea,6.112,6.126,6.14,6.153,6.166,6.178,6.19,6.202,6.214,6.228,6.243,6.262,6.283,6.308,6.336,6.367,6.4,6.434,6.467,6.537,6.541,6.556,6.575,6.586,6.597,6.61,6.641,6.667,6.664,6.655,6.627,6.592,6.553,6.492,6.409,6.335,6.249,6.162,6.076,6.009,5.936,5.85,5.793,5.737,5.719,5.698,5.659,5.617,5.558,5.508,5.397,5.296,5.195,5.116,5.049,5.022,4.926,4.789,4.669,4.576,4.489,4.399,4.303
Guinea-Bissau,5.921,5.931,5.941,5.951,5.961,5.971,5.982,5.994,6.008,6.024,6.041,6.06,6.078,6.098,6.12,6.15,6.192,6.249,6.32,6.401,6.487,6.569,6.64,6.694,6.727,6.739,6.734,6.717,6.693,6.663,6.507,6.452,6.402,6.323,6.258,6.172,6.092,6.008,5.898,5.793,5.72,5.63,5.612,5.566,5.5,5.454,5.417,5.399,5.274,5.152,5.061,5.047,5.003,4.937,4.802,4.671,4.531,4.358,4.263,4.172,4.094,4.005,3.925
Kenya,7.632,7.718,7.803,7.864,7.92,8.028,8.056,8.046,8.038,8.031,8.024,8.003,7.975,7.939,7.907,7.877,7.843,7.803,7.746,7.679,7.598,7.513,7.402,7.263,7.123,6.975,6.848,6.682,6.505,6.323,6.129,5.935,5.746,5.574,5.446,5.366,5.306,5.26,5.246,5.181,5.137,5.091,5.016,4.907,4.83,4.784,4.748,4.719,4.646,4.514,4.367,4.219,4.088,3.952,3.844,3.8,3.724,3.643,3.58,3.469,3.397,3.335,3.296
Lesotho,5.819,5.811,5.805,5.796,5.768,5.782,5.77,5.759,5.745,5.737,5.729,5.761,5.761,5.766,5.828,5.9,5.932,5.898,5.851,5.803,5.748,5.684,5.613,5.542,5.463,5.373,5.276,5.161,5.046,4.904,4.759,4.645,4.522,4.366,4.217,4.143,4.071,3.993,3.855,3.736,3.658,3.657,3.677,3.635,3.519,3.438,3.43,3.441,3.408,3.318,3.249,3.318,3.305,3.334,3.288,3.264,3.239,3.187,3.139,3.094,3.049,3.018,2.98
Liberia,6.391,6.446,6.504,6.556,6.585,6.617,6.628,6.65,6.657,6.644,6.578,6.542,6.599,6.651,6.691,6.744,6.793,6.841,6.884,6.919,6.872,6.834,6.788,6.76,6.728,6.693,6.638,6.572,6.507,6.434,6.37,6.323,6.277,6.246,6.21,6.173,6.129,6.079,6.017,5.953,5.875,5.774,5.653,5.547,5.506,5.519,5.53,5.462,5.328,5.174,5.058,4.97,4.881,4.749,4.622,4.523,4.461,4.396,4.336,4.257,4.174,4.089,4.016
Libya,7.373,7.446,7.551,7.697,7.817,7.912,7.994,8.024,8.045,8.075,8.097,8.133,8.099,8.068,8.022,7.964,7.9,7.815,7.714,7.581,7.219,7.023,6.826,6.63,6.435,6.236,6.023,5.79,5.533,5.256,4.966,4.67,4.381,4.109,3.859,3.636,3.439,3.265,3.109,2.97,2.851,2.971,2.911,2.857,2.808,2.765,2.699,2.648,2.599,2.556,2.603,2.646,2.68,2.716,2.754,2.711,2.673,2.626,2.581,2.539,2.507,2.462,2.402
Madagascar,7.3,7.301,7.303,7.305,7.307,7.308,7.307,7.304,7.297,7.286,7.27,7.248,7.221,7.188,7.149,7.102,7.044,6.976,6.898,6.813,6.725,6.637,6.554,6.477,6.41,6.353,6.307,6.287,6.214,6.177,6.161,6.122,6.08,6.041,5.99,5.946,5.888,5.801,5.675,5.549,5.403,5.323,5.225,5.172,5.133,5.095,5.056,4.997,4.933,4.87,4.755,4.607,4.466,4.358,4.247,4.183,4.163,4.109,4.043,3.978,3.918,3.851,3.791
Malawi,7.029,7.069,7.097,7.125,7.095,7.108,7.161,7.22,7.276,7.29,7.315,7.33,7.348,7.364,7.374,7.403,7.43,7.46,7.48,7.509,7.567,7.544,7.513,7.435,7.357,7.291,7.221,7.149,7.022,6.907,6.809,6.717,6.648,6.585,6.508,6.416,6.314,6.258,6.235,6.152,6.036,5.993,5.96,5.942,5.93,5.91,5.841,5.736,5.605,5.453,5.274,5.106,4.924,4.778,4.612,4.452,4.309,4.22,4.14,4.072,3.995,3.917,3.849
Mali,7.004,7.004,7.019,7.031,7.048,7.082,7.099,7.129,7.152,7.171,7.177,7.195,7.203,7.214,7.229,7.239,7.245,7.282,7.296,7.318,7.325,7.317,7.267,7.23,7.221,7.212,7.244,7.245,7.259,7.275,7.253,7.225,7.181,7.123,7.065,6.989,6.95,6.911,6.892,6.882,6.874,6.852,6.821,6.782,6.741,6.716,6.688,6.655,6.642,6.611,6.579,6.545,6.523,6.491,6.441,6.385,6.319,6.251,6.183,6.103,6.035,5.956,5.867
Mauritania,6.354,6.401,6.434,6.484,6.527,6.589,6.642,6.673,6.676,6.689,6.691,6.687,6.699,6.695,6.7,6.682,6.673,6.676,6.665,6.648,6.615,6.576,6.529,6.479,6.409,6.338,6.247,6.164,6.106,6.076,6.056,6.044,6.044,6.044,5.924,5.851,5.713,5.66,5.574,5.538,5.459,5.38,5.287,5.229,5.192,5.19,5.186,5.153,5.153,5.084,5.043,5.028,4.986,4.942,4.886,4.813,4.741,4.664,4.607,4.521,4.455,4.398,4.342
Mauritius,6.167,6.178,6.124,5.993,5.785,5.51,5.187,4.847,4.516,4.213,3.952,3.741,3.575,3.444,3.341,3.196,3.13,3.061,2.99,2.894,2.782,2.648,2.513,2.394,2.248,2.083,1.948,2.006,2.102,2.204,2.294,2.288,2.358,2.309,2.242,2.135,2.115,2.032,1.907,2.031,1.975,1.923,1.955,1.918,1.927,1.883,1.775,1.736,1.667,1.588,1.554,1.541,1.53,1.423,1.424,1.37,1.397,1.433,1.406,1.394,1.414,1.41,1.393
Morocco,7.04,7.072,7.088,7,6.969,6.93,6.895,6.844,6.782,6.72,6.675,6.61,6.533,6.465,6.373,6.271,6.139,5.998,5.874,5.802,5.734,5.652,5.552,5.354,5.154,4.96,4.746,4.538,4.327,4.139,4.018,3.937,3.806,3.612,3.468,3.33,3.219,3.12,3.009,2.871,2.796,2.715,2.67,2.632,2.598,2.568,2.559,2.55,2.549,2.578,2.586,2.609,2.598,2.594,2.548,2.531,2.451,2.451,2.415,2.382,2.353,2.328,2.299
Mozambique,6.315,6.379,6.446,6.492,6.517,6.546,6.592,6.625,6.668,6.708,6.717,6.721,6.739,6.73,6.712,6.693,6.664,6.643,6.61,6.577,6.515,6.457,6.403,6.391,6.401,6.377,6.364,6.34,6.304,6.275,6.221,6.159,6.099,6.025,5.958,5.895,5.85,5.885,5.86,5.833,5.812,5.778,5.734,5.733,5.667,5.609,5.55,5.513,5.579,5.626,5.63,5.551,5.451,5.34,5.131,5.062,4.992,4.922,4.852,4.783,4.713,4.644,4.561
Namibia,6.205,6.272,6.342,6.402,6.433,6.461,6.488,6.51,6.535,6.549,6.545,6.553,6.548,6.557,6.564,6.544,6.496,6.446,6.384,6.316,6.246,6.164,6.075,5.999,5.929,5.854,5.767,5.672,5.58,5.47,5.321,5.225,5.067,4.891,4.671,4.426,4.212,4.154,4.152,4.11,3.975,3.827,3.716,3.619,3.58,3.56,3.535,3.552,3.587,3.613,3.63,3.658,3.676,3.653,3.635,3.604,3.574,3.511,3.462,3.404,3.349,3.303,3.248
Niger,7.53,7.512,7.501,7.489,7.48,7.466,7.481,7.49,7.497,7.506,7.514,7.518,7.523,7.529,7.539,7.539,7.563,7.595,7.662,7.722,7.782,7.822,7.862,7.902,7.921,7.932,7.904,7.871,7.841,7.818,7.806,7.798,7.795,7.79,7.786,7.776,7.762,7.759,7.762,7.752,7.732,7.695,7.671,7.654,7.634,7.615,7.579,7.559,7.539,7.513,7.485,7.449,7.4,7.344,7.279,7.211,7.141,7.084,7.023,6.961,6.892,6.82,6.749
Nigeria,6.364,6.353,6.356,6.349,6.362,6.367,6.386,6.401,6.42,6.438,6.466,6.532,6.579,6.633,6.703,6.773,6.806,6.862,6.921,6.887,6.847,6.82,6.799,6.775,6.701,6.616,6.557,6.504,6.498,6.494,6.459,6.426,6.391,6.354,6.319,6.273,6.217,6.138,6.069,6.082,6.124,6.139,6.135,6.116,6.085,6.068,6.081,6.08,6.078,6.039,5.98,5.918,5.832,5.738,5.664,5.616,5.584,5.523,5.447,5.379,5.309,5.237,5.143
R?union,6.609,6.6,6.569,6.506,6.404,6.251,6.038,5.77,5.46,5.212,4.473,4.257,4.11,3.952,3.808,3.676,3.508,3.366,3.247,3.124,3.132,2.927,2.757,2.725,2.745,2.681,2.544,2.531,2.532,2.555,2.579,2.562,2.545,2.384,2.331,2.271,2.255,2.344,2.312,2.335,2.501,2.45,2.412,2.429,2.45,2.487,2.443,2.467,2.466,2.374,2.374,2.374,2.408,2.39,2.432,2.453,2.415,2.41,2.353,2.323,2.29,2.255,2.224
Rwanda,8.187,8.194,8.197,8.198,8.198,8.198,8.198,8.201,8.207,8.217,8.231,8.228,8.233,8.232,8.231,8.224,8.243,8.24,8.25,8.23,8.189,8.156,8.085,7.987,7.872,7.725,7.559,7.39,7.227,7.058,6.873,6.705,6.607,6.51,6.408,6.324,6.251,6.176,6.116,6.013,5.924,5.844,5.752,5.674,5.573,5.436,5.28,5.1,4.901,4.716,4.532,4.357,4.233,4.159,4.112,4.081,4.06,4.027,3.994,3.939,3.873,3.821,3.749
S?o Tom? and Pr?ncipe,6.242,6.263,6.284,6.306,6.327,6.349,6.371,6.394,6.419,6.444,6.468,6.49,6.51,6.525,6.534,6.534,6.524,6.504,6.473,6.434,6.386,6.333,6.276,6.217,6.158,6.101,6.046,5.992,5.938,5.884,5.828,5.769,5.704,5.635,5.562,5.487,5.414,5.345,5.282,5.226,5.176,5.131,5.09,5.049,5.007,4.964,4.919,4.872,4.825,4.776,4.727,4.716,4.667,4.6,4.511,4.387,4.274,4.142,4.044,3.964,3.893,3.823,3.751
Senegal,6.996,7.038,7.079,7.12,7.157,7.19,7.217,7.237,7.251,7.259,7.262,7.261,7.258,7.255,7.252,7.252,7.258,7.268,7.279,7.29,7.292,7.279,7.245,7.189,7.111,7.013,6.902,6.785,6.577,6.479,6.396,6.267,6.149,6.049,5.915,5.819,5.723,5.639,5.581,5.573,5.498,5.412,5.311,5.252,5.184,5.186,5.198,5.11,5.051,5.081,5.064,5.039,5.005,4.96,4.905,4.781,4.683,4.622,4.584,4.517,4.454,4.387,4.314
Seychelles,5.27,5.397,5.526,5.649,5.757,5.842,5.894,5.915,5.9,5.85,5.761,5.632,5.468,5.277,5.066,4.943,4.195,3.846,4.015,3.715,3.789,3.617,3.064,3.132,3.163,2.975,2.982,2.864,2.814,2.734,2.61,2.695,2.526,2.584,2.598,2.356,2.313,2.137,2.044,2.046,2.07,1.984,2.03,2.049,2.038,2.192,2.106,2.229,2.323,2.374,2.199,2.372,2.415,2.287,2.282,2.349,2.445,2.48,2.45,2.416,2.377,2.348,2.313
Sierra Leone,6.175,6.205,6.222,6.261,6.294,6.311,6.345,6.383,6.385,6.393,6.411,6.429,6.447,6.473,6.534,6.546,6.553,6.568,6.591,6.582,6.562,6.554,6.563,6.573,6.592,6.592,6.597,6.609,6.588,6.571,6.567,6.553,6.555,6.569,6.557,6.555,6.552,6.531,6.495,6.423,6.355,6.305,6.23,6.087,5.919,5.807,5.737,5.643,5.563,5.448,5.327,5.209,5.064,4.873,4.703,4.548,4.466,4.389,4.294,4.192,4.08,3.978,3.876
Somalia,7.25,7.252,7.255,7.258,7.261,7.261,7.257,7.248,7.231,7.209,7.182,7.151,7.118,7.086,7.057,7.033,7.016,7.004,7.13,7.161,7.178,7.227,7.252,7.277,7.3,7.327,7.349,7.373,7.398,7.424,7.44,7.47,7.5,7.526,7.544,7.581,7.621,7.662,7.647,7.632,7.61,7.582,7.578,7.547,7.522,7.484,7.458,7.42,7.387,7.34,7.299,7.257,7.198,7.128,7.057,6.978,6.886,6.738,6.632,6.531,6.417,6.312,6.202
South Africa,6.159,6.138,6.11,6.077,6.03,5.967,5.907,5.852,5.782,5.719,5.634,5.569,5.49,5.413,5.298,5.191,5.071,4.942,4.853,4.818,4.78,4.712,4.696,4.626,4.566,4.495,4.409,4.352,4.18,3.983,3.724,3.618,3.479,3.372,3.258,3.172,2.991,2.734,2.63,2.559,2.413,2.373,2.324,2.358,2.436,2.512,2.548,2.545,2.679,2.501,2.445,2.436,2.447,2.428,2.424,2.359,2.261,2.334,2.418,2.475,2.401,2.374,2.341
South Sudan,6.721,6.733,6.747,6.763,6.781,6.8,6.819,6.838,6.855,6.869,6.881,6.892,6.903,6.912,6.92,6.924,6.922,6.913,6.897,6.874,6.85,6.829,6.813,7.134,7.437,7.769,7.907,7.947,8.012,7.993,7.988,8.004,7.999,8.005,7.989,7.962,7.985,7.965,7.817,7.672,7.513,7.369,7.191,6.851,6.517,6.171,5.82,5.638,5.552,5.465,5.376,5.286,5.197,5.108,5.022,4.937,4.855,4.775,4.696,4.619,4.543,4.469,4.337
Saint Helena,5.308,5.228,5.143,5.065,4.987,4.903,4.831,4.75,4.674,4.578,4.39,4.179,3.981,3.796,3.624,3.467,3.301,3.146,3.002,2.873,2.761,2.661,2.563,2.466,2.378,2.306,2.247,2.197,2.15,2.103,2.062,2.02,1.978,1.936,1.89,1.853,1.815,1.789,1.769,1.745,1.723,1.695,1.679,1.662,1.638,1.63,1.631,1.629,1.629,1.629,1.635,1.633,1.637,1.634,1.639,1.649,1.65,1.651,1.645,1.647,1.649,1.65,1.643
Sudan,6.647,6.628,6.692,6.75,6.803,6.849,6.902,6.941,6.971,7.002,7.027,7.059,7.012,6.96,6.954,6.933,6.903,6.871,6.837,6.779,6.728,6.679,6.64,6.597,6.547,6.487,6.425,6.355,6.282,6.231,6.168,6.116,6.053,5.961,5.874,5.788,5.707,5.596,5.504,5.447,5.38,5.327,5.248,5.172,5.094,5.039,5.044,5.065,5.074,5.05,5.017,4.96,4.895,4.903,4.912,4.898,4.829,4.761,4.681,4.617,4.542,4.457,4.384
Eswatini,6.752,6.774,6.794,6.855,6.819,6.821,6.815,6.751,6.757,6.758,6.757,6.762,6.719,6.682,6.752,6.75,6.743,6.695,6.643,6.584,6.543,6.472,6.404,6.334,6.253,6.17,5.998,5.816,5.612,5.414,5.25,5.097,4.949,4.774,4.623,4.487,4.347,4.207,4.098,4.066,3.996,3.9,3.805,3.757,3.731,3.682,3.617,3.564,3.536,3.473,3.356,3.299,3.255,3.226,3.174,3.117,3.068,3.015,2.962,2.921,2.89,2.839,2.785
Tanzania,6.725,6.754,6.758,6.77,6.775,6.777,6.791,6.798,6.835,6.878,6.909,6.944,6.951,6.962,6.998,7.001,6.989,6.987,6.979,6.954,6.906,6.851,6.796,6.749,6.669,6.569,6.475,6.399,6.371,6.289,6.195,6.135,6.078,6.011,5.927,5.865,5.848,5.838,5.789,5.734,5.686,5.665,5.623,5.605,5.607,5.61,5.563,5.485,5.425,5.357,5.293,5.207,5.098,5.122,5.122,5.088,5.033,4.993,4.923,4.864,4.795,4.726,4.661
Togo,6.717,6.753,6.803,6.85,6.873,6.902,6.935,6.959,6.976,7.039,7.066,7.103,7.118,7.128,7.15,7.153,7.144,7.111,7.063,6.999,6.936,6.865,6.772,6.696,6.616,6.535,6.461,6.385,6.302,6.219,6.133,6.049,5.947,5.845,5.745,5.646,5.543,5.441,5.384,5.335,5.269,5.23,5.194,5.145,5.075,5.069,5.078,5.092,5.052,5.034,5.007,4.917,4.806,4.723,4.655,4.594,4.56,4.503,4.442,4.385,4.323,4.257,4.196
Tunisia,6.942,6.97,6.993,7.009,7.015,7.1,7.052,6.955,6.835,6.685,6.517,6.359,6.264,6.185,6.111,6.026,5.936,5.772,5.511,5.294,5.105,5.05,4.91,4.786,4.669,4.516,4.358,4.1,3.851,3.585,3.471,3.324,3.175,3.017,2.856,2.673,2.505,2.359,2.219,2.099,2.049,1.997,1.969,1.979,1.976,1.981,1.977,1.989,2.011,2.046,2.105,2.191,2.216,2.24,2.252,2.251,2.238,2.221,2.174,2.148,2.114,2.086,2.064
Uganda,6.936,6.968,6.997,7.023,7.053,7.085,7.116,7.148,7.187,7.163,7.186,7.204,7.215,7.222,7.223,7.23,7.231,7.209,7.178,7.157,7.134,7.115,7.086,7.04,7.004,7.035,7.081,7.119,7.105,7.072,7.037,6.983,6.96,6.932,6.928,6.917,6.894,6.906,6.887,6.875,6.832,6.81,6.779,6.702,6.653,6.572,6.481,6.379,6.251,6.174,6.071,5.935,5.784,5.618,5.463,5.306,5.174,5.052,4.932,4.809,4.693,4.585,4.468
Western Sahara,6.517,6.531,6.497,6.499,6.485,6.463,6.467,6.456,6.409,6.389,6.322,6.258,6.192,6.134,6.077,6.031,5.973,5.9,5.822,5.76,5.686,5.58,5.466,5.413,5.365,5.316,5.178,5.077,4.977,4.879,4.721,4.428,4.176,4.104,4.018,3.94,3.852,3.761,3.679,3.624,3.536,3.457,3.37,3.3,3.217,3.133,3.044,3.045,3.014,2.948,2.873,2.849,2.837,2.567,2.549,2.521,2.485,2.446,2.407,2.372,2.34,2.311,2.275
Zambia,7.115,7.169,7.214,7.249,7.274,7.291,7.304,7.317,7.332,7.349,7.367,7.383,7.392,7.393,7.376,7.391,7.366,7.333,7.285,7.232,7.154,7.103,7.063,7.022,6.977,6.921,6.851,6.773,6.675,6.605,6.533,6.447,6.364,6.318,6.274,6.241,6.183,6.117,6.049,5.987,5.926,5.862,5.792,5.726,5.715,5.71,5.686,5.609,5.537,5.452,5.363,5.271,5.146,5.026,4.899,4.793,4.707,4.614,4.536,4.451,4.379,4.308,4.242
Zimbabwe,7.22,7.233,7.255,7.253,7.261,7.258,7.24,7.215,7.193,7.139,7.094,7.059,7.062,7.07,7.043,6.977,6.91,6.845,6.774,6.703,6.614,6.511,6.382,6.246,6.083,5.895,5.697,5.504,5.288,5.081,4.873,4.714,4.567,4.386,4.27,4.154,4.109,4.063,4.032,4.009,3.974,3.954,3.887,3.821,3.738,3.665,3.62,3.652,3.774,3.945,4.025,4.096,4.096,4.064,3.962,3.849,3.771,3.706,3.659,3.599,3.545,3.491,3.437
American Samoa,6.495,6.539,6.59,6.625,6.65,6.616,6.53,6.396,6.251,6.112,5.942,5.763,5.545,5.363,5.237,5.111,5.003,4.952,4.826,4.715,4.608,4.502,4.407,4.329,4.325,4.324,4.324,4.328,4.348,4.412,4.45,4.486,4.473,4.472,4.346,4.18,4.05,3.978,3.957,3.957,3.952,3.936,3.924,3.928,3.925,3.857,3.729,3.597,3.504,3.426,3.337,3.214,3.082,2.949,2.833,2.733,2.628,2.518,2.415,2.334,2.297,2.274,2.254
Australia,3.453,3.543,3.432,3.34,3.154,2.976,2.885,2.849,2.88,2.88,2.857,2.939,2.742,2.493,2.325,2.155,2.061,2.015,1.958,1.913,1.898,1.937,1.937,1.927,1.853,1.917,1.872,1.849,1.838,1.844,1.902,1.86,1.891,1.867,1.851,1.831,1.807,1.786,1.772,1.768,1.77,1.748,1.771,1.768,1.785,1.844,1.881,1.989,2.017,1.972,1.95,1.921,1.929,1.884,1.811,1.81,1.8,1.774,1.785,1.67,1.594,1.596,1.599
Cook Islands,7.092,7.105,7.09,7.088,7.085,6.943,6.779,6.606,6.451,6.298,6.133,5.976,5.71,5.463,5.164,4.878,4.663,4.535,4.447,4.378,4.311,4.182,4.075,3.973,3.88,3.816,3.781,3.752,3.766,3.828,3.905,3.945,3.95,3.919,3.838,3.747,3.622,3.514,3.389,3.282,3.194,3.087,3.005,2.929,2.853,2.811,2.776,2.73,2.68,2.646,2.625,2.601,2.554,2.512,2.468,2.434,2.404,2.37,2.332,2.301,2.275,2.245,2.226
Fiji,6.461,6.281,6.085,5.958,5.824,5.64,5.447,5.238,5.03,4.836,4.659,4.488,4.298,4.158,4.069,4.097,4.092,4.069,4.048,4.033,3.98,3.924,3.87,3.799,3.722,3.624,3.535,3.497,3.457,3.427,3.414,3.38,3.355,3.315,3.273,3.267,3.262,3.2,3.128,3.073,3.026,2.999,2.976,2.956,2.924,2.885,2.911,2.886,2.859,2.806,2.746,2.685,2.666,2.662,2.657,2.642,2.605,2.557,2.53,2.519,2.495,2.475,2.462
French Polynesia,5.888,5.887,5.889,5.884,5.88,5.877,5.856,5.827,5.793,5.738,5.624,5.464,5.293,5.112,4.909,4.707,4.517,4.366,4.043,3.941,3.935,3.935,3.796,3.743,3.834,3.863,3.714,3.62,3.751,3.488,3.437,3.258,3.15,3.085,2.943,2.78,2.718,2.591,2.487,2.582,2.596,2.521,2.427,2.266,2.202,2.188,2.218,2.133,2.193,2.146,2.162,2.066,2.026,1.946,1.959,1.905,1.852,1.804,1.789,1.712,1.705,1.699,1.688
Guam,5.906,5.942,5.914,5.559,5.375,5.143,5.185,4.799,4.555,4.674,4.536,4.371,4.198,4.041,3.966,3.911,3.838,3.636,3.35,3.27,3.248,3.156,3.081,3.219,3.059,3.143,3.189,3.139,3.083,3.065,3.048,3.041,3.034,3.027,3.026,3.024,3.033,3.035,3.045,3.026,3.007,2.957,2.706,2.782,2.913,2.763,2.942,3.034,3.02,2.987,2.973,2.865,3.115,2.874,2.943,2.922,2.952,2.805,2.671,2.623,2.593,2.569,2.55
Kiribati,6.553,6.625,6.557,6.486,6.411,6.363,6.308,6.146,5.971,5.785,5.587,5.397,5.257,5.144,5.079,5.029,4.987,4.99,4.996,4.996,4.99,4.988,4.982,4.954,4.941,4.935,4.889,4.822,4.754,4.7,4.637,4.594,4.527,4.457,4.418,4.385,4.39,4.325,4.253,4.158,4.065,3.958,3.847,3.744,3.781,3.799,3.837,3.879,3.905,3.889,3.876,3.857,3.774,3.689,3.599,3.53,3.471,3.431,3.41,3.368,3.333,3.304,3.271
Marshall Islands,8.234,8.266,8.285,8.309,8.33,8.344,8.356,8.34,8.315,8.264,8.21,8.148,8.092,8.036,7.977,7.906,7.828,7.74,7.644,7.536,7.439,7.341,7.247,7.144,7.037,6.917,6.785,6.636,6.438,6.238,6.03,5.832,5.627,5.461,5.308,5.147,5.017,4.886,4.787,4.697,4.592,4.489,4.378,4.292,4.209,4.129,4.056,3.966,3.862,3.757,3.632,3.51,3.389,3.274,3.161,3.063,2.983,2.929,2.877,2.824,2.777,2.729,2.672
Micronesia,6.686,6.697,6.7,6.712,6.734,6.733,6.78,6.815,6.86,6.889,6.938,6.925,6.894,6.842,6.77,6.682,6.586,6.49,6.398,6.311,6.223,6.129,6.02,5.894,5.752,5.6,5.446,5.299,5.167,5.052,4.958,4.882,4.82,4.766,4.716,4.655,4.617,4.55,4.479,4.395,4.279,4.116,3.961,3.82,3.706,3.598,3.489,3.409,3.345,3.295,3.236,3.18,3.13,3.087,3.032,2.971,2.942,2.893,2.84,2.801,2.754,2.711,2.669
Nauru,5.269,5.289,5.29,5.284,5.302,5.294,5.213,5.074,4.938,4.783,4.627,4.487,4.355,4.245,4.144,4.074,4.021,3.996,3.995,3.996,4.015,3.998,3.977,3.966,3.965,3.969,3.967,3.966,3.958,3.961,3.954,3.939,3.914,3.879,3.849,3.822,3.815,3.778,3.726,3.684,3.642,3.588,3.533,3.5,3.487,3.501,3.542,3.632,3.722,3.827,3.907,3.948,3.928,3.892,3.857,3.827,3.791,3.731,3.67,3.618,3.571,3.519,3.463
New Caledonia,5.369,5.386,5.332,5.289,5.357,5.329,5.278,5.187,5.104,5.073,5.168,5.13,5.094,4.938,4.712,4.467,4.235,4.05,3.865,3.727,3.633,3.558,3.45,3.342,3.206,3.142,3.205,3.233,3.15,3.056,3.089,3.099,2.997,2.874,2.765,2.69,2.657,2.627,2.535,2.477,2.466,2.407,2.351,2.28,2.24,2.218,2.211,2.198,2.185,2.177,2.168,2.182,2.194,2.176,2.146,2.121,2.107,2.097,2.076,2.056,2.037,2.025,2.001
New Zealand,4.238,4.305,4.187,4.047,3.797,3.542,3.413,3.351,3.339,3.279,3.174,3.177,2.999,2.76,2.578,2.371,2.272,2.207,2.078,2.114,2.034,2.009,1.952,1.922,1.93,1.931,1.962,2.03,2.098,2.122,2.174,2.093,2.06,2.039,1.982,1.98,1.961,1.957,1.897,1.967,1.976,1.963,1.892,1.93,1.976,1.962,2.007,2.163,2.185,2.132,2.164,2.093,2.09,2.002,1.927,1.984,1.881,1.892,1.729,1.854,1.79,1.773,1.762
Niue,6.909,6.927,6.939,6.928,6.902,6.861,6.805,6.734,6.66,6.565,6.406,6.222,6.026,5.839,5.67,5.541,5.434,5.341,5.265,5.201,5.179,5.142,5.08,4.997,4.874,4.736,4.574,4.42,4.282,4.159,4.039,3.924,3.8,3.684,3.567,3.443,3.312,3.196,3.095,3.006,2.936,2.874,2.852,2.852,2.854,2.854,2.869,2.868,2.866,2.871,2.852,2.821,2.791,2.75,2.71,2.675,2.631,2.588,2.542,2.502,2.474,2.449,2.415
Northern Mariana Islands,5.958,5.912,5.848,5.793,5.716,5.658,5.589,5.701,7.694,7.57,7.297,6.96,6.649,6.33,6.014,5.672,5.366,5.029,4.647,4.271,3.96,3.66,3.367,3.078,2.829,2.595,2.341,2.283,2.165,2.048,2.304,2.617,2.917,3.008,3.057,2.901,2.777,2.397,2.148,1.968,1.983,1.954,2,2.099,2.311,2.582,2.828,2.988,2.978,2.944,2.922,2.959,2.985,2.827,2.657,2.513,2.395,2.312,2.249,2.223,2.2,2.172,2.148
Palau,6.711,6.692,6.666,6.622,6.585,6.525,6.451,6.353,6.221,6.054,5.855,5.63,5.379,5.111,4.818,4.511,4.227,3.926,3.658,3.484,3.364,3.274,3.212,3.155,3.106,3.045,3.022,2.976,2.93,2.919,2.92,2.784,2.739,2.749,2.669,2.552,2.38,2.174,1.983,1.877,1.78,1.827,1.883,1.939,1.984,2.027,2.017,2.007,2.004,2.006,2.011,2.039,2.083,2.135,2.158,2.131,2.187,2.108,2.453,2.477,2.446,2.409,2.373
Papua New Guinea,6.018,6.074,6.135,6.153,6.191,6.203,6.232,6.242,6.252,6.258,6.25,6.229,6.197,6.16,6.114,6.065,6.018,5.957,5.879,5.785,5.705,5.645,5.587,5.563,5.514,5.47,5.415,5.359,5.302,5.243,5.18,5.109,5.033,4.962,4.87,4.78,4.728,4.679,4.632,4.587,4.525,4.469,4.419,4.362,4.283,4.22,4.148,4.076,4.015,3.941,3.883,3.816,3.746,3.684,3.625,3.558,3.495,3.432,3.382,3.322,3.274,3.215,3.165
Samoa,7.646,7.641,7.646,7.656,7.667,7.651,7.625,7.612,7.592,7.547,7.459,7.337,7.182,7.024,6.847,6.679,6.529,6.378,6.229,6.083,5.925,5.784,5.661,5.531,5.417,5.344,5.286,5.19,5.089,4.99,4.93,4.892,4.888,4.874,4.85,4.802,4.739,4.66,4.609,4.555,4.514,4.465,4.429,4.4,4.382,4.374,4.373,4.391,4.469,4.549,4.608,4.639,4.606,4.525,4.443,4.357,4.269,4.183,4.109,4.047,3.997,3.93,3.875
Solomon Islands,6.97,6.97,6.97,6.965,6.964,6.951,6.941,6.94,6.917,6.97,7.001,7.028,7.056,7.091,7.126,7.073,7.016,6.945,6.866,6.783,6.706,6.613,6.516,6.416,6.311,6.217,6.114,5.99,5.883,5.775,5.66,5.545,5.445,5.375,5.314,5.243,5.118,4.987,4.903,4.821,4.756,4.692,4.626,4.572,4.518,4.475,4.477,4.442,4.411,4.393,4.404,4.406,4.412,4.418,4.418,4.356,4.293,4.218,4.157,4.104,4.038,3.983,3.925
Tokelau,5.612,5.541,5.461,5.391,5.331,5.264,5.185,5.112,5.048,4.989,4.921,4.836,4.765,4.705,4.642,4.59,4.518,4.456,4.396,4.344,4.31,4.281,4.241,4.25,4.269,4.302,4.345,4.401,4.462,4.531,4.594,4.638,4.665,4.69,4.701,4.599,4.481,4.349,4.211,4.064,3.917,3.782,3.682,3.619,3.566,3.514,3.477,3.432,3.399,3.345,3.287,3.212,3.151,3.098,3.06,3.006,2.951,2.9,2.853,2.808,2.755,2.707,2.673
Tonga,6.885,6.844,6.804,6.774,6.734,6.662,6.596,6.59,6.371,6.15,5.941,5.761,5.616,5.512,5.449,5.426,5.438,5.471,5.509,5.541,5.553,5.532,5.475,5.385,5.266,5.128,4.989,4.864,4.763,4.691,4.644,4.612,4.583,4.547,4.501,4.447,4.433,4.369,4.328,4.203,4.108,4.072,4.137,4.194,4.206,4.179,4.141,4.093,4.027,3.955,3.889,3.842,3.781,3.707,3.635,3.562,3.483,3.407,3.349,3.315,3.267,3.237,3.193
Tuvalu,4.778,4.715,4.647,4.578,4.509,4.426,4.349,4.223,4.125,4.033,3.938,3.844,3.717,3.628,3.558,3.498,3.475,3.499,3.547,3.602,3.677,3.748,3.813,3.859,3.901,3.939,3.964,3.971,3.956,3.925,3.91,3.951,4,4.041,4.034,4.024,4.019,3.997,3.956,3.887,3.807,3.744,3.694,3.642,3.62,3.632,3.717,3.602,3.549,3.503,3.49,3.478,3.467,3.355,3.275,3.217,3.195,3.186,3.209,3.199,3.188,3.163,3.144
Vanuatu,6.863,6.818,6.777,6.729,6.683,6.642,6.613,6.592,6.54,6.493,6.433,6.379,6.315,6.244,6.164,6.089,6.016,5.936,5.869,5.809,5.737,5.668,5.593,5.527,5.449,5.381,5.318,5.245,5.158,5.076,5.029,4.992,4.95,4.894,4.824,4.765,4.688,4.632,4.575,4.516,4.48,4.444,4.364,4.294,4.226,4.158,4.121,4.124,4.138,4.148,4.15,4.151,4.124,4.093,4.06,4.006,3.963,3.91,3.855,3.813,3.778,3.735,3.697
Wallis and Futuna,7.191,7.227,7.263,7.333,7.409,7.395,7.383,7.379,7.375,7.35,7.309,7.299,7.315,7.317,6.91,6.445,6.113,6.353,6.627,6.482,5.955,6.419,5.88,5.503,5.619,5.438,5.588,5.642,4.806,4.487,4.582,4.339,4.055,3.769,3.48,3.155,2.927,3.242,2.696,2.572,2.521,2.506,2.294,2.179,2.092,2.016,1.885,1.883,1.73,1.896,2.093,2.123,2.111,2.092,2.082,2.06,2.049,2.029,2.005,1.992,1.975,1.958,1.929
